SF,precision,recall,f1-score,support
1.10.10.10,0.9512195121951219,0.9936305732484076,0.9719626168224299,157.0
1.10.10.1100,1.0,1.0,1.0,2.0
1.10.10.1230,1.0,0.0,0.0,1.0
1.10.10.1270,1.0,1.0,1.0,1.0
1.10.10.1320,1.0,1.0,1.0,2.0
1.10.10.1350,1.0,0.0,0.0,1.0
1.10.10.1410,1.0,1.0,1.0,2.0
1.10.10.160,0.13333333333333333,1.0,0.23529411764705882,2.0
1.10.10.1740,1.0,1.0,1.0,1.0
1.10.10.1800,1.0,1.0,1.0,2.0
1.10.10.1920,1.0,0.0,0.0,1.0
1.10.10.200,1.0,1.0,1.0,1.0
1.10.10.2240,1.0,0.0,0.0,1.0
1.10.10.250,1.0,1.0,1.0,2.0
1.10.10.2690,1.0,1.0,1.0,1.0
1.10.10.2830,1.0,1.0,1.0,2.0
1.10.10.350,1.0,1.0,1.0,2.0
1.10.10.390,1.0,0.0,0.0,1.0
1.10.10.400,1.0,0.5,0.6666666666666666,2.0
1.10.10.410,1.0,1.0,1.0,1.0
1.10.10.440,1.0,1.0,1.0,5.0
1.10.10.520,1.0,0.0,0.0,1.0
1.10.10.540,1.0,0.0,0.0,1.0
1.10.10.580,1.0,1.0,1.0,1.0
1.10.10.60,0.9512195121951219,0.8125,0.8764044943820225,48.0
1.10.10.650,1.0,1.0,1.0,1.0
1.10.10.750,1.0,1.0,1.0,1.0
1.10.10.790,1.0,1.0,1.0,2.0
1.10.10.820,0.5,1.0,0.6666666666666666,1.0
1.10.10.900,1.0,1.0,1.0,1.0
1.10.100.10,0.5,1.0,0.6666666666666666,1.0
1.10.101.10,1.0,1.0,1.0,2.0
1.10.1040.10,1.0,0.9090909090909091,0.9523809523809523,11.0
1.10.1040.20,1.0,1.0,1.0,1.0
1.10.1040.30,1.0,0.0,0.0,1.0
1.10.1050.10,1.0,0.0,0.0,1.0
1.10.1060.10,0.5,1.0,0.6666666666666666,1.0
1.10.1070.11,1.0,1.0,1.0,1.0
1.10.1080.10,1.0,0.0,0.0,1.0
1.10.110.10,1.0,1.0,1.0,4.0
1.10.110.30,1.0,0.0,0.0,1.0
1.10.1130.10,1.0,0.5,0.6666666666666666,2.0
1.10.1140.10,1.0,1.0,1.0,1.0
1.10.1160.10,1.0,0.0,0.0,1.0
1.10.1170.10,1.0,1.0,1.0,1.0
1.10.12.10,0.9230769230769231,0.8,0.8571428571428571,15.0
1.10.12.70,0.5,1.0,0.6666666666666666,1.0
1.10.1200.10,1.0,1.0,1.0,11.0
1.10.1200.210,1.0,0.0,0.0,1.0
1.10.1200.270,0.5,1.0,0.6666666666666666,1.0
1.10.1200.30,1.0,1.0,1.0,1.0
1.10.1220.10,1.0,0.8571428571428571,0.9230769230769231,14.0
1.10.1240.10,0.5,0.5,0.5,2.0
1.10.1240.20,1.0,0.0,0.0,1.0
1.10.1240.30,1.0,1.0,1.0,1.0
1.10.1240.50,1.0,1.0,1.0,1.0
1.10.1270.10,1.0,1.0,1.0,1.0
1.10.1270.20,1.0,0.0,0.0,1.0
1.10.1280.10,0.3333333333333333,1.0,0.5,1.0
1.10.132.10,1.0,0.0,0.0,1.0
1.10.132.100,1.0,0.5,0.6666666666666666,2.0
1.10.132.20,1.0,0.0,0.0,1.0
1.10.132.30,1.0,1.0,1.0,1.0
1.10.132.60,1.0,1.0,1.0,2.0
1.10.132.70,1.0,0.0,0.0,2.0
1.10.1330.10,1.0,1.0,1.0,2.0
1.10.1370.30,1.0,1.0,1.0,1.0
1.10.1380.10,0.14285714285714285,1.0,0.25,1.0
1.10.1390.10,1.0,1.0,1.0,2.0
1.10.1400.10,1.0,1.0,1.0,2.0
1.10.1410.10,0.6666666666666666,1.0,0.8,2.0
1.10.1410.40,1.0,1.0,1.0,2.0
1.10.1420.10,0.6,1.0,0.75,3.0
1.10.1450.10,1.0,1.0,1.0,1.0
1.10.150.110,1.0,1.0,1.0,2.0
1.10.150.120,1.0,0.0,0.0,1.0
1.10.150.130,1.0,1.0,1.0,8.0
1.10.150.190,0.5,1.0,0.6666666666666666,1.0
1.10.150.20,0.8235294117647058,0.9333333333333333,0.875,15.0
1.10.150.210,1.0,1.0,1.0,1.0
1.10.150.240,0.6296296296296297,1.0,0.7727272727272727,17.0
1.10.150.250,1.0,1.0,1.0,1.0
1.10.150.300,1.0,1.0,1.0,1.0
1.10.150.320,1.0,1.0,1.0,1.0
1.10.150.480,1.0,1.0,1.0,1.0
1.10.150.50,1.0,1.0,1.0,15.0
1.10.150.60,1.0,1.0,1.0,1.0
1.10.150.650,0.3333333333333333,1.0,0.5,1.0
1.10.150.80,1.0,0.8,0.8888888888888888,5.0
1.10.150.90,1.0,0.0,0.0,2.0
1.10.1520.10,1.0,1.0,1.0,3.0
1.10.1530.10,1.0,1.0,1.0,2.0
1.10.1580.10,1.0,1.0,1.0,1.0
1.10.1600.10,1.0,1.0,1.0,1.0
1.10.1610.10,0.0,0.0,0.0,1.0
1.10.1660.10,0.6666666666666666,1.0,0.8,2.0
1.10.167.10,1.0,1.0,1.0,4.0
1.10.1670.10,0.5,0.5,0.5,4.0
1.10.1670.40,1.0,0.0,0.0,1.0
1.10.168.10,1.0,0.0,0.0,1.0
1.10.1710.10,0.3333333333333333,1.0,0.5,1.0
1.10.1740.10,1.0,0.8,0.8888888888888888,5.0
1.10.1740.100,1.0,1.0,1.0,1.0
1.10.1760.20,1.0,1.0,1.0,4.0
1.10.1780.10,0.75,1.0,0.8571428571428571,3.0
1.10.1790.10,1.0,1.0,1.0,2.0
1.10.1900.10,1.0,1.0,1.0,1.0
1.10.20.10,1.0,0.9166666666666666,0.9565217391304348,12.0
1.10.20.140,1.0,1.0,1.0,1.0
1.10.20.60,1.0,1.0,1.0,3.0
1.10.2000.10,1.0,1.0,1.0,1.0
1.10.2020.10,1.0,0.0,0.0,2.0
1.10.220.10,1.0,1.0,1.0,6.0
1.10.220.20,1.0,1.0,1.0,1.0
1.10.220.30,0.3333333333333333,1.0,0.5,1.0
1.10.225.10,1.0,1.0,1.0,4.0
1.10.230.10,1.0,1.0,1.0,1.0
1.10.238.10,0.9393939393939394,0.96875,0.9538461538461539,32.0
1.10.238.20,0.8571428571428571,1.0,0.9230769230769231,6.0
1.10.240.10,0.75,1.0,0.8571428571428571,3.0
1.10.245.10,1.0,1.0,1.0,1.0
1.10.246.10,1.0,1.0,1.0,4.0
1.10.246.120,0.5,1.0,0.6666666666666666,1.0
1.10.246.190,1.0,0.0,0.0,1.0
1.10.246.20,1.0,1.0,1.0,2.0
1.10.246.80,1.0,1.0,1.0,1.0
1.10.246.90,1.0,1.0,1.0,1.0
1.10.260.100,1.0,1.0,1.0,2.0
1.10.260.40,0.9655172413793104,1.0,0.9824561403508771,28.0
1.10.268.10,1.0,1.0,1.0,1.0
1.10.274.100,1.0,1.0,1.0,1.0
1.10.274.20,0.6666666666666666,1.0,0.8,2.0
1.10.274.60,0.3333333333333333,1.0,0.5,1.0
1.10.274.70,1.0,0.0,0.0,1.0
1.10.275.10,1.0,1.0,1.0,4.0
1.10.275.30,1.0,0.0,0.0,1.0
1.10.285.20,1.0,0.0,0.0,1.0
1.10.286.10,1.0,1.0,1.0,1.0
1.10.286.20,1.0,1.0,1.0,1.0
1.10.286.40,1.0,0.0,0.0,1.0
1.10.286.70,1.0,0.0,0.0,1.0
1.10.287.10,0.5,0.25,0.3333333333333333,4.0
1.10.287.100,0.6,0.6,0.6,5.0
1.10.287.1050,1.0,1.0,1.0,1.0
1.10.287.1060,0.625,0.7142857142857143,0.6666666666666666,7.0
1.10.287.1080,1.0,1.0,1.0,4.0
1.10.287.110,1.0,1.0,1.0,4.0
1.10.287.1120,1.0,1.0,1.0,1.0
1.10.287.1130,1.0,0.0,0.0,2.0
1.10.287.1240,1.0,1.0,1.0,1.0
1.10.287.1250,1.0,0.0,0.0,1.0
1.10.287.1260,1.0,1.0,1.0,1.0
1.10.287.1270,1.0,0.0,0.0,1.0
1.10.287.130,1.0,1.0,1.0,6.0
1.10.287.1490,0.1111111111111111,1.0,0.2,1.0
1.10.287.150,1.0,0.0,0.0,1.0
1.10.287.160,1.0,0.0,0.0,3.0
1.10.287.1700,1.0,0.5,0.6666666666666666,2.0
1.10.287.1770,0.6,1.0,0.75,3.0
1.10.287.180,1.0,1.0,1.0,1.0
1.10.287.210,1.0,0.75,0.8571428571428571,4.0
1.10.287.2110,1.0,0.0,0.0,1.0
1.10.287.2250,1.0,1.0,1.0,1.0
1.10.287.2460,1.0,0.0,0.0,1.0
1.10.287.260,1.0,0.0,0.0,1.0
1.10.287.2900,1.0,1.0,1.0,1.0
1.10.287.310,1.0,1.0,1.0,1.0
1.10.287.3280,1.0,0.0,0.0,1.0
1.10.287.3290,1.0,0.0,0.0,1.0
1.10.287.3440,1.0,1.0,1.0,1.0
1.10.287.3490,1.0,1.0,1.0,1.0
1.10.287.3510,1.0,1.0,1.0,2.0
1.10.287.370,0.3333333333333333,1.0,0.5,1.0
1.10.287.380,1.0,1.0,1.0,1.0
1.10.287.3810,1.0,1.0,1.0,1.0
1.10.287.3980,1.0,1.0,1.0,1.0
1.10.287.40,1.0,1.0,1.0,2.0
1.10.287.450,1.0,1.0,1.0,1.0
1.10.287.470,0.0,0.0,0.0,3.0
1.10.287.520,0.5,1.0,0.6666666666666666,1.0
1.10.287.540,1.0,0.4,0.5714285714285714,5.0
1.10.287.580,1.0,1.0,1.0,1.0
1.10.287.600,1.0,0.0,0.0,1.0
1.10.287.610,0.6666666666666666,1.0,0.8,2.0
1.10.287.630,1.0,1.0,1.0,1.0
1.10.287.650,1.0,0.6666666666666666,0.8,3.0
1.10.287.660,1.0,0.0,0.0,4.0
1.10.287.670,1.0,0.0,0.0,2.0
1.10.287.690,1.0,1.0,1.0,3.0
1.10.287.70,0.875,1.0,0.9333333333333333,7.0
1.10.287.730,1.0,0.0,0.0,1.0
1.10.287.770,0.5,0.3333333333333333,0.4,3.0
1.10.287.80,0.6666666666666666,1.0,0.8,2.0
1.10.287.810,1.0,1.0,1.0,2.0
1.10.287.830,1.0,1.0,1.0,1.0
1.10.287.850,1.0,0.0,0.0,1.0
1.10.287.890,1.0,1.0,1.0,1.0
1.10.287.90,1.0,1.0,1.0,2.0
1.10.287.990,1.0,0.0,0.0,1.0
1.10.290.10,1.0,1.0,1.0,1.0
1.10.30.10,1.0,1.0,1.0,5.0
1.10.3020.10,0.3333333333333333,0.5,0.4,2.0
1.10.3060.10,1.0,1.0,1.0,1.0
1.10.3090.10,0.6666666666666666,1.0,0.8,2.0
1.10.3100.10,1.0,1.0,1.0,1.0
1.10.3110.10,1.0,0.5,0.6666666666666666,2.0
1.10.3120.10,1.0,1.0,1.0,2.0
1.10.3130.10,1.0,0.5,0.6666666666666666,2.0
1.10.3160.10,1.0,0.0,0.0,2.0
1.10.3210.10,0.8888888888888888,1.0,0.9411764705882353,8.0
1.10.3210.30,1.0,1.0,1.0,1.0
1.10.3260.10,1.0,1.0,1.0,1.0
1.10.3290.10,1.0,1.0,1.0,2.0
1.10.3350.10,1.0,0.0,0.0,1.0
1.10.3380.30,1.0,1.0,1.0,1.0
1.10.340.30,1.0,0.8,0.8888888888888888,5.0
1.10.340.70,1.0,1.0,1.0,1.0
1.10.3420.10,1.0,1.0,1.0,1.0
1.10.3430.10,1.0,1.0,1.0,1.0
1.10.3450.10,1.0,1.0,1.0,1.0
1.10.3480.10,0.5,1.0,0.6666666666666666,1.0
1.10.3500.10,1.0,0.0,0.0,1.0
1.10.3520.10,1.0,1.0,1.0,1.0
1.10.3550.10,1.0,1.0,1.0,1.0
1.10.357.10,0.9111111111111111,1.0,0.9534883720930233,41.0
1.10.357.50,1.0,1.0,1.0,1.0
1.10.3610.10,1.0,0.0,0.0,1.0
1.10.3660.10,1.0,1.0,1.0,1.0
1.10.3670.10,1.0,0.0,0.0,1.0
1.10.3680.10,0.6666666666666666,1.0,0.8,2.0
1.10.3710.10,1.0,0.0,0.0,1.0
1.10.3720.10,1.0,1.0,1.0,1.0
1.10.375.10,1.0,1.0,1.0,3.0
1.10.3780.10,1.0,0.0,0.0,1.0
1.10.390.10,1.0,1.0,1.0,3.0
1.10.3910.10,1.0,1.0,1.0,1.0
1.10.3930.10,1.0,0.0,0.0,2.0
1.10.40.30,1.0,0.75,0.8571428571428571,4.0
1.10.40.40,1.0,0.0,0.0,1.0
1.10.40.60,0.5,1.0,0.6666666666666666,1.0
1.10.400.10,0.0,0.0,0.0,1.0
1.10.4030.10,1.0,1.0,1.0,2.0
1.10.405.10,1.0,1.0,1.0,3.0
1.10.4100.10,0.5,1.0,0.6666666666666666,1.0
1.10.4120.10,1.0,0.0,0.0,1.0
1.10.418.10,1.0,1.0,1.0,6.0
1.10.420.10,1.0,1.0,1.0,3.0
1.10.437.10,1.0,1.0,1.0,4.0
1.10.439.20,1.0,0.0,0.0,1.0
1.10.441.10,1.0,0.0,0.0,1.0
1.10.443.10,0.6,1.0,0.75,3.0
1.10.45.10,1.0,1.0,1.0,2.0
1.10.468.10,1.0,1.0,1.0,1.0
1.10.470.10,0.3333333333333333,1.0,0.5,1.0
1.10.472.10,0.8461538461538461,1.0,0.9166666666666666,11.0
1.10.472.130,0.5,1.0,0.6666666666666666,1.0
1.10.472.20,1.0,1.0,1.0,1.0
1.10.472.80,1.0,1.0,1.0,2.0
1.10.486.10,0.375,1.0,0.5454545454545454,3.0
1.10.489.10,1.0,1.0,1.0,1.0
1.10.490.10,1.0,1.0,1.0,12.0
1.10.506.10,1.0,0.5,0.6666666666666666,2.0
1.10.510.10,1.0,1.0,1.0,13.0
1.10.520.10,1.0,1.0,1.0,2.0
1.10.520.20,1.0,1.0,1.0,1.0
1.10.520.30,1.0,1.0,1.0,1.0
1.10.520.40,1.0,1.0,1.0,2.0
1.10.530.10,0.8888888888888888,1.0,0.9411764705882353,8.0
1.10.530.40,0.5,1.0,0.6666666666666666,1.0
1.10.533.10,1.0,1.0,1.0,21.0
1.10.540.10,1.0,1.0,1.0,6.0
1.10.555.10,1.0,1.0,1.0,1.0
1.10.565.10,1.0,1.0,1.0,2.0
1.10.575.10,1.0,1.0,1.0,1.0
1.10.579.10,1.0,1.0,1.0,1.0
1.10.580.10,1.0,1.0,1.0,1.0
1.10.60.10,1.0,1.0,1.0,2.0
1.10.60.30,1.0,0.0,0.0,1.0
1.10.60.40,1.0,1.0,1.0,1.0
1.10.600.10,0.6666666666666666,1.0,0.8,6.0
1.10.606.10,1.0,1.0,1.0,1.0
1.10.620.20,0.8,1.0,0.8888888888888888,4.0
1.10.630.10,1.0,1.0,1.0,4.0
1.10.640.10,1.0,1.0,1.0,1.0
1.10.645.10,1.0,1.0,1.0,1.0
1.10.720.10,1.0,0.0,0.0,1.0
1.10.720.30,1.0,0.75,0.8571428571428571,4.0
1.10.720.40,0.5,1.0,0.6666666666666666,1.0
1.10.730.10,0.8,1.0,0.8888888888888888,4.0
1.10.750.20,1.0,1.0,1.0,1.0
1.10.760.10,1.0,1.0,1.0,17.0
1.10.790.10,1.0,0.0,0.0,1.0
1.10.8.10,0.8387096774193549,0.8387096774193549,0.8387096774193549,31.0
1.10.8.100,1.0,1.0,1.0,3.0
1.10.8.1080,1.0,0.0,0.0,1.0
1.10.8.1210,1.0,0.0,0.0,1.0
1.10.8.140,1.0,1.0,1.0,1.0
1.10.8.20,1.0,1.0,1.0,1.0
1.10.8.260,0.5,1.0,0.6666666666666666,1.0
1.10.8.270,1.0,1.0,1.0,1.0
1.10.8.360,1.0,0.0,0.0,1.0
1.10.8.380,1.0,0.0,0.0,1.0
1.10.8.50,1.0,0.75,0.8571428571428571,4.0
1.10.8.500,1.0,1.0,1.0,1.0
1.10.8.60,0.8095238095238095,1.0,0.8947368421052632,17.0
1.10.8.70,1.0,0.6666666666666666,0.8,3.0
1.10.8.710,1.0,0.0,0.0,1.0
1.10.8.80,1.0,0.5,0.6666666666666666,2.0
1.10.8.870,1.0,1.0,1.0,1.0
1.10.800.10,1.0,0.0,0.0,1.0
1.10.840.10,1.0,1.0,1.0,1.0
1.10.860.10,1.0,1.0,1.0,3.0
1.10.880.10,1.0,0.0,0.0,1.0
1.10.890.10,1.0,1.0,1.0,1.0
1.10.890.20,1.0,0.0,0.0,2.0
1.10.940.10,1.0,1.0,1.0,2.0
1.20.1020.10,1.0,1.0,1.0,1.0
1.20.1050.10,0.7916666666666666,0.95,0.8636363636363636,20.0
1.20.1050.130,0.75,1.0,0.8571428571428571,3.0
1.20.1060.10,1.0,1.0,1.0,2.0
1.20.1070.10,1.0,1.0,1.0,3.0
1.20.1080.10,1.0,1.0,1.0,1.0
1.20.1090.10,1.0,1.0,1.0,3.0
1.20.1110.10,0.2,1.0,0.3333333333333333,1.0
1.20.1160.11,1.0,1.0,1.0,1.0
1.20.1160.20,1.0,1.0,1.0,1.0
1.20.1170.10,0.25,1.0,0.4,1.0
1.20.1180.10,1.0,0.0,0.0,2.0
1.20.120.10,1.0,1.0,1.0,1.0
1.20.120.1110,1.0,0.0,0.0,1.0
1.20.120.1240,0.3333333333333333,1.0,0.5,1.0
1.20.120.1320,0.5,1.0,0.6666666666666666,1.0
1.20.120.140,1.0,1.0,1.0,3.0
1.20.120.1490,0.5,1.0,0.6666666666666666,1.0
1.20.120.160,1.0,1.0,1.0,4.0
1.20.120.1620,1.0,0.0,0.0,1.0
1.20.120.180,1.0,1.0,1.0,1.0
1.20.120.20,0.5,1.0,0.6666666666666666,2.0
1.20.120.230,0.75,0.42857142857142855,0.5454545454545454,7.0
1.20.120.290,1.0,1.0,1.0,1.0
1.20.120.30,1.0,1.0,1.0,1.0
1.20.120.310,1.0,1.0,1.0,1.0
1.20.120.330,0.8333333333333334,0.5,0.625,10.0
1.20.120.340,1.0,1.0,1.0,1.0
1.20.120.350,1.0,1.0,1.0,2.0
1.20.120.420,1.0,1.0,1.0,1.0
1.20.120.440,1.0,0.0,0.0,1.0
1.20.120.450,1.0,1.0,1.0,7.0
1.20.120.520,1.0,1.0,1.0,2.0
1.20.120.530,1.0,1.0,1.0,4.0
1.20.120.550,1.0,1.0,1.0,1.0
1.20.120.560,1.0,0.0,0.0,1.0
1.20.120.610,1.0,1.0,1.0,1.0
1.20.120.640,1.0,1.0,1.0,1.0
1.20.120.660,1.0,1.0,1.0,1.0
1.20.120.670,1.0,1.0,1.0,1.0
1.20.120.730,1.0,1.0,1.0,2.0
1.20.120.790,1.0,1.0,1.0,1.0
1.20.120.810,1.0,0.5,0.6666666666666666,2.0
1.20.120.850,1.0,0.0,0.0,1.0
1.20.120.910,1.0,1.0,1.0,1.0
1.20.120.920,1.0,1.0,1.0,2.0
1.20.1200.10,1.0,0.0,0.0,1.0
1.20.1220.12,1.0,0.0,0.0,1.0
1.20.1230.10,0.3333333333333333,1.0,0.5,1.0
1.20.1250.10,0.9230769230769231,0.9230769230769231,0.9230769230769231,13.0
1.20.1250.20,1.0,1.0,1.0,8.0
1.20.1250.30,1.0,0.0,0.0,1.0
1.20.1250.40,1.0,1.0,1.0,2.0
1.20.1250.70,0.0,0.0,0.0,1.0
1.20.1260.10,0.9333333333333333,1.0,0.9655172413793104,14.0
1.20.1260.30,1.0,1.0,1.0,1.0
1.20.1260.80,1.0,1.0,1.0,2.0
1.20.1270.10,1.0,0.5,0.6666666666666666,2.0
1.20.1270.20,1.0,0.0,0.0,1.0
1.20.1270.50,1.0,0.5,0.6666666666666666,2.0
1.20.1270.60,0.9,1.0,0.9473684210526315,9.0
1.20.1270.70,0.0,0.0,0.0,1.0
1.20.1270.90,0.5,0.5,0.5,2.0
1.20.1280.170,1.0,1.0,1.0,2.0
1.20.1280.20,0.25,0.3333333333333333,0.2857142857142857,3.0
1.20.1280.250,1.0,0.0,0.0,1.0
1.20.1280.290,1.0,1.0,1.0,1.0
1.20.1280.50,1.0,1.0,1.0,4.0
1.20.1290.10,1.0,1.0,1.0,6.0
1.20.1300.10,0.75,1.0,0.8571428571428571,3.0
1.20.1310.10,1.0,1.0,1.0,3.0
1.20.1310.20,1.0,1.0,1.0,1.0
1.20.1330.10,1.0,1.0,1.0,1.0
1.20.1370.10,1.0,0.0,0.0,1.0
1.20.1370.20,1.0,0.0,0.0,1.0
1.20.1390.10,1.0,1.0,1.0,1.0
1.20.140.10,0.875,1.0,0.9333333333333333,7.0
1.20.140.150,1.0,1.0,1.0,1.0
1.20.140.160,1.0,1.0,1.0,1.0
1.20.140.50,0.0,0.0,0.0,1.0
1.20.140.90,1.0,1.0,1.0,1.0
1.20.141.10,1.0,0.5,0.6666666666666666,2.0
1.20.1410.10,0.5,1.0,0.6666666666666666,1.0
1.20.1420.10,0.5714285714285714,1.0,0.7272727272727273,4.0
1.20.1420.20,1.0,1.0,1.0,1.0
1.20.144.10,1.0,1.0,1.0,2.0
1.20.1440.110,1.0,1.0,1.0,1.0
1.20.1440.120,0.5,1.0,0.6666666666666666,1.0
1.20.1440.140,1.0,0.0,0.0,1.0
1.20.1440.180,1.0,1.0,1.0,1.0
1.20.1440.210,1.0,1.0,1.0,1.0
1.20.1440.50,0.6666666666666666,1.0,0.8,2.0
1.20.1440.60,1.0,1.0,1.0,1.0
1.20.1500.10,1.0,1.0,1.0,1.0
1.20.1500.20,1.0,0.0,0.0,1.0
1.20.1530.20,1.0,1.0,1.0,1.0
1.20.1560.10,1.0,1.0,1.0,2.0
1.20.1600.10,1.0,1.0,1.0,1.0
1.20.1640.10,0.25,1.0,0.4,1.0
1.20.1690.10,0.3333333333333333,1.0,0.5,1.0
1.20.1710.10,1.0,0.0,0.0,1.0
1.20.190.10,1.0,1.0,1.0,1.0
1.20.190.20,1.0,1.0,1.0,1.0
1.20.20.10,1.0,1.0,1.0,1.0
1.20.200.10,0.6666666666666666,1.0,0.8,2.0
1.20.210.10,1.0,1.0,1.0,1.0
1.20.225.10,1.0,1.0,1.0,1.0
1.20.272.10,1.0,0.8333333333333334,0.9090909090909091,6.0
1.20.5.10,1.0,0.0,0.0,1.0
1.20.5.100,1.0,0.25,0.4,4.0
1.20.5.110,0.7777777777777778,0.5,0.6086956521739131,14.0
1.20.5.1160,0.0,0.0,0.0,2.0
1.20.5.1180,1.0,1.0,1.0,1.0
1.20.5.1190,1.0,0.0,0.0,1.0
1.20.5.1300,1.0,0.0,0.0,1.0
1.20.5.140,1.0,0.0,0.0,1.0
1.20.5.1450,1.0,0.0,0.0,1.0
1.20.5.1500,1.0,0.5,0.6666666666666666,2.0
1.20.5.1610,1.0,0.0,0.0,1.0
1.20.5.170,0.4883720930232558,0.6176470588235294,0.5454545454545454,34.0
1.20.5.1700,0.3333333333333333,0.5,0.4,2.0
1.20.5.1760,1.0,0.0,0.0,1.0
1.20.5.190,0.5,0.5,0.5,2.0
1.20.5.1940,1.0,0.0,0.0,2.0
1.20.5.2020,1.0,0.0,0.0,1.0
1.20.5.210,1.0,1.0,1.0,1.0
1.20.5.220,1.0,0.2,0.3333333333333333,5.0
1.20.5.2210,1.0,0.0,0.0,1.0
1.20.5.2440,1.0,1.0,1.0,1.0
1.20.5.250,1.0,0.0,0.0,1.0
1.20.5.270,1.0,0.0,0.0,1.0
1.20.5.2700,1.0,1.0,1.0,1.0
1.20.5.2950,0.5,1.0,0.6666666666666666,1.0
1.20.5.300,0.6666666666666666,0.5,0.5714285714285714,4.0
1.20.5.3070,1.0,0.0,0.0,1.0
1.20.5.320,1.0,0.0,0.0,3.0
1.20.5.3310,1.0,1.0,1.0,1.0
1.20.5.340,0.23529411764705882,0.4444444444444444,0.3076923076923077,9.0
1.20.5.350,1.0,1.0,1.0,1.0
1.20.5.3600,1.0,0.0,0.0,1.0
1.20.5.370,1.0,0.0,0.0,2.0
1.20.5.3730,1.0,0.0,0.0,1.0
1.20.5.390,1.0,0.0,0.0,3.0
1.20.5.3960,1.0,0.0,0.0,1.0
1.20.5.4090,1.0,0.0,0.0,1.0
1.20.5.4130,1.0,1.0,1.0,1.0
1.20.5.420,0.5,0.18181818181818182,0.26666666666666666,11.0
1.20.5.430,1.0,0.0,0.0,2.0
1.20.5.440,1.0,0.75,0.8571428571428571,4.0
1.20.5.4570,1.0,0.0,0.0,1.0
1.20.5.460,1.0,0.0,0.0,6.0
1.20.5.470,1.0,0.0,0.0,1.0
1.20.5.4770,1.0,0.0,0.0,1.0
1.20.5.4820,1.0,1.0,1.0,1.0
1.20.5.490,1.0,0.0,0.0,3.0
1.20.5.50,0.0,0.0,0.0,6.0
1.20.5.500,0.5,1.0,0.6666666666666666,1.0
1.20.5.510,1.0,0.4,0.5714285714285714,5.0
1.20.5.540,1.0,0.0,0.0,2.0
1.20.5.580,1.0,0.0,0.0,1.0
1.20.5.620,1.0,0.5,0.6666666666666666,2.0
1.20.5.640,1.0,0.0,0.0,3.0
1.20.5.70,1.0,0.0,0.0,1.0
1.20.5.700,1.0,0.5,0.6666666666666666,2.0
1.20.5.710,1.0,1.0,1.0,2.0
1.20.5.730,1.0,0.0,0.0,3.0
1.20.5.740,1.0,0.0,0.0,3.0
1.20.5.780,0.5,1.0,0.6666666666666666,1.0
1.20.5.80,1.0,1.0,1.0,1.0
1.20.5.810,1.0,1.0,1.0,1.0
1.20.50.20,0.5,1.0,0.6666666666666666,1.0
1.20.50.40,1.0,0.0,0.0,1.0
1.20.58.100,1.0,1.0,1.0,2.0
1.20.58.1030,0.5,1.0,0.6666666666666666,1.0
1.20.58.1190,1.0,0.0,0.0,1.0
1.20.58.120,1.0,1.0,1.0,3.0
1.20.58.1290,1.0,1.0,1.0,1.0
1.20.58.1360,0.5,0.5,0.5,2.0
1.20.58.1460,1.0,1.0,1.0,1.0
1.20.58.1480,1.0,1.0,1.0,1.0
1.20.58.160,1.0,1.0,1.0,1.0
1.20.58.1780,1.0,0.0,0.0,1.0
1.20.58.190,1.0,1.0,1.0,1.0
1.20.58.200,0.5,1.0,0.6666666666666666,1.0
1.20.58.2050,0.0,0.0,0.0,1.0
1.20.58.2140,1.0,0.0,0.0,1.0
1.20.58.2190,1.0,1.0,1.0,1.0
1.20.58.220,1.0,1.0,1.0,3.0
1.20.58.2220,1.0,1.0,1.0,2.0
1.20.58.240,1.0,0.0,0.0,1.0
1.20.58.290,1.0,1.0,1.0,1.0
1.20.58.300,0.5,1.0,0.6666666666666666,1.0
1.20.58.340,0.75,1.0,0.8571428571428571,3.0
1.20.58.380,1.0,0.0,0.0,1.0
1.20.58.390,1.0,1.0,1.0,1.0
1.20.58.400,1.0,1.0,1.0,1.0
1.20.58.420,1.0,1.0,1.0,1.0
1.20.58.460,1.0,1.0,1.0,1.0
1.20.58.480,1.0,1.0,1.0,1.0
1.20.58.60,0.8181818181818182,1.0,0.9,9.0
1.20.58.670,1.0,1.0,1.0,1.0
1.20.58.70,0.5,0.5,0.5,2.0
1.20.58.80,0.7142857142857143,0.8333333333333334,0.7692307692307693,6.0
1.20.58.800,1.0,0.0,0.0,1.0
1.20.58.830,1.0,1.0,1.0,2.0
1.20.58.90,0.5714285714285714,0.4444444444444444,0.5,9.0
1.20.58.900,1.0,1.0,1.0,1.0
1.20.58.920,1.0,1.0,1.0,1.0
1.20.58.930,0.5,1.0,0.6666666666666666,1.0
1.20.59.10,1.0,1.0,1.0,3.0
1.20.59.20,0.0,0.0,0.0,1.0
1.20.80.10,0.75,1.0,0.8571428571428571,3.0
1.20.81.10,1.0,1.0,1.0,1.0
1.20.81.30,1.0,1.0,1.0,1.0
1.20.810.10,1.0,1.0,1.0,1.0
1.20.840.10,1.0,0.0,0.0,1.0
1.20.85.10,1.0,1.0,1.0,2.0
1.20.870.10,1.0,1.0,1.0,2.0
1.20.89.20,1.0,0.0,0.0,1.0
1.20.890.10,1.0,1.0,1.0,2.0
1.20.890.20,0.5,1.0,0.6666666666666666,1.0
1.20.90.10,1.0,1.0,1.0,2.0
1.20.900.10,1.0,1.0,1.0,2.0
1.20.91.20,1.0,0.0,0.0,1.0
1.20.910.10,1.0,1.0,1.0,6.0
1.20.920.10,1.0,1.0,1.0,4.0
1.20.920.20,1.0,1.0,1.0,1.0
1.20.920.50,1.0,0.0,0.0,1.0
1.20.930.10,1.0,1.0,1.0,2.0
1.20.930.20,1.0,0.0,0.0,1.0
1.20.930.40,1.0,1.0,1.0,1.0
1.20.940.10,1.0,1.0,1.0,1.0
1.20.950.20,1.0,1.0,1.0,2.0
1.20.960.20,1.0,0.0,0.0,2.0
1.20.960.30,1.0,0.0,0.0,1.0
1.20.970.10,1.0,1.0,1.0,3.0
1.20.990.10,0.75,1.0,0.8571428571428571,3.0
1.25.10.10,0.8421052631578947,1.0,0.9142857142857143,32.0
1.25.10.30,1.0,0.0,0.0,1.0
1.25.40.10,0.9230769230769231,0.9795918367346939,0.9504950495049505,49.0
1.25.40.1040,1.0,0.0,0.0,1.0
1.25.40.120,1.0,1.0,1.0,1.0
1.25.40.180,1.0,1.0,1.0,8.0
1.25.40.20,1.0,1.0,1.0,7.0
1.25.40.240,1.0,0.0,0.0,1.0
1.25.40.270,1.0,1.0,1.0,1.0
1.25.40.290,1.0,1.0,1.0,1.0
1.25.40.300,1.0,0.0,0.0,1.0
1.25.40.390,0.6666666666666666,1.0,0.8,4.0
1.25.40.410,1.0,1.0,1.0,1.0
1.25.40.420,1.0,1.0,1.0,3.0
1.25.40.470,1.0,1.0,1.0,1.0
1.25.40.530,1.0,1.0,1.0,1.0
1.25.40.540,1.0,1.0,1.0,1.0
1.25.40.570,1.0,1.0,1.0,1.0
1.25.40.590,1.0,1.0,1.0,1.0
1.25.40.60,1.0,1.0,1.0,1.0
1.25.40.610,1.0,1.0,1.0,1.0
1.25.40.70,1.0,1.0,1.0,2.0
1.25.40.80,1.0,1.0,1.0,2.0
1.25.40.90,1.0,1.0,1.0,3.0
1.25.40.900,1.0,0.0,0.0,1.0
1.25.40.990,1.0,1.0,1.0,1.0
1.25.60.10,1.0,1.0,1.0,1.0
1.50.10.10,1.0,1.0,1.0,13.0
1.50.10.100,1.0,1.0,1.0,5.0
1.50.10.20,1.0,1.0,1.0,5.0
2.10.10.20,1.0,1.0,1.0,2.0
2.10.109.10,1.0,1.0,1.0,2.0
2.10.110.10,0.6666666666666666,1.0,0.8,2.0
2.10.210.10,1.0,0.0,0.0,1.0
2.10.220.10,1.0,1.0,1.0,3.0
2.10.25.10,0.9473684210526315,0.9473684210526315,0.9473684210526315,19.0
2.10.25.20,1.0,0.0,0.0,2.0
2.10.250.10,1.0,1.0,1.0,1.0
2.10.260.10,1.0,1.0,1.0,3.0
2.10.270.10,1.0,1.0,1.0,2.0
2.10.50.10,0.8,1.0,0.8888888888888888,4.0
2.10.60.10,0.9,1.0,0.9473684210526315,9.0
2.10.69.10,1.0,1.0,1.0,1.0
2.10.70.10,0.9375,1.0,0.967741935483871,15.0
2.10.70.60,1.0,0.0,0.0,1.0
2.10.80.10,0.5,1.0,0.6666666666666666,1.0
2.10.90.10,1.0,1.0,1.0,7.0
2.100.10.10,1.0,0.5,0.6666666666666666,2.0
2.100.10.30,1.0,1.0,1.0,1.0
2.100.10.50,1.0,1.0,1.0,1.0
2.102.10.10,1.0,1.0,1.0,5.0
2.110.10.10,1.0,1.0,1.0,1.0
2.115.10.20,1.0,1.0,1.0,6.0
2.120.10.10,1.0,0.6,0.75,5.0
2.120.10.30,0.8888888888888888,0.8888888888888888,0.8888888888888888,9.0
2.120.10.80,1.0,1.0,1.0,1.0
2.130.10.10,0.92,0.9583333333333334,0.9387755102040817,24.0
2.130.10.120,1.0,1.0,1.0,1.0
2.130.10.30,1.0,1.0,1.0,1.0
2.150.10.10,1.0,1.0,1.0,4.0
2.160.10.10,1.0,1.0,1.0,9.0
2.160.10.20,1.0,0.0,0.0,1.0
2.160.20.10,0.9230769230769231,1.0,0.96,12.0
2.160.20.20,1.0,1.0,1.0,2.0
2.160.20.70,1.0,1.0,1.0,2.0
2.160.20.80,1.0,1.0,1.0,3.0
2.170.120.12,1.0,1.0,1.0,1.0
2.170.120.30,1.0,1.0,1.0,2.0
2.170.130.10,1.0,1.0,1.0,3.0
2.170.15.10,1.0,1.0,1.0,2.0
2.170.150.10,0.0,0.0,0.0,1.0
2.170.150.20,1.0,1.0,1.0,2.0
2.170.16.10,1.0,1.0,1.0,4.0
2.170.210.10,1.0,1.0,1.0,1.0
2.170.210.20,1.0,1.0,1.0,1.0
2.170.220.10,1.0,1.0,1.0,1.0
2.170.260.10,1.0,1.0,1.0,2.0
2.170.270.10,1.0,1.0,1.0,4.0
2.170.8.10,1.0,0.0,0.0,1.0
2.20.100.10,1.0,1.0,1.0,3.0
2.20.130.20,1.0,1.0,1.0,1.0
2.20.150.10,1.0,0.0,0.0,2.0
2.20.20.10,1.0,0.0,0.0,4.0
2.20.20.130,1.0,0.5,0.6666666666666666,2.0
2.20.200.10,1.0,1.0,1.0,1.0
2.20.220.20,1.0,1.0,1.0,1.0
2.20.230.10,1.0,1.0,1.0,2.0
2.20.25.10,0.8333333333333334,0.45454545454545453,0.5882352941176471,11.0
2.20.25.100,1.0,0.0,0.0,1.0
2.20.25.110,1.0,1.0,1.0,1.0
2.20.25.20,1.0,0.0,0.0,1.0
2.20.25.290,1.0,0.0,0.0,1.0
2.20.25.30,1.0,1.0,1.0,1.0
2.20.25.90,1.0,1.0,1.0,2.0
2.20.28.10,1.0,0.75,0.8571428571428571,4.0
2.20.28.120,1.0,1.0,1.0,1.0
2.20.28.160,1.0,1.0,1.0,1.0
2.20.28.230,1.0,0.0,0.0,1.0
2.20.28.270,1.0,0.0,0.0,1.0
2.20.28.30,0.3333333333333333,1.0,0.5,1.0
2.20.28.50,1.0,0.5,0.6666666666666666,2.0
2.20.28.60,1.0,1.0,1.0,1.0
2.20.70.10,1.0,0.8333333333333334,0.9090909090909091,6.0
2.20.70.100,1.0,1.0,1.0,1.0
2.20.70.30,1.0,1.0,1.0,1.0
2.20.70.70,1.0,0.0,0.0,1.0
2.30.110.10,0.8947368421052632,1.0,0.9444444444444444,17.0
2.30.110.20,1.0,1.0,1.0,1.0
2.30.110.50,0.5,1.0,0.6666666666666666,1.0
2.30.120.10,1.0,1.0,1.0,2.0
2.30.130.10,0.7,1.0,0.8235294117647058,7.0
2.30.130.30,1.0,1.0,1.0,2.0
2.30.130.40,1.0,1.0,1.0,1.0
2.30.130.60,1.0,0.0,0.0,1.0
2.30.140.10,1.0,1.0,1.0,2.0
2.30.170.20,0.0,0.0,0.0,1.0
2.30.170.40,1.0,1.0,1.0,1.0
2.30.18.10,1.0,1.0,1.0,1.0
2.30.180.10,1.0,1.0,1.0,2.0
2.30.22.10,1.0,1.0,1.0,1.0
2.30.250.10,1.0,0.0,0.0,1.0
2.30.260.10,1.0,0.0,0.0,1.0
2.30.270.10,1.0,0.0,0.0,1.0
2.30.280.20,1.0,0.0,0.0,1.0
2.30.29.110,1.0,0.0,0.0,1.0
2.30.29.150,1.0,0.0,0.0,1.0
2.30.29.30,0.9574468085106383,0.9782608695652174,0.967741935483871,46.0
2.30.29.70,1.0,1.0,1.0,1.0
2.30.30.10,1.0,0.0,0.0,1.0
2.30.30.100,0.9230769230769231,0.9230769230769231,0.9230769230769231,13.0
2.30.30.1020,1.0,1.0,1.0,1.0
2.30.30.110,1.0,1.0,1.0,2.0
2.30.30.140,0.8695652173913043,0.8333333333333334,0.851063829787234,24.0
2.30.30.170,1.0,1.0,1.0,2.0
2.30.30.190,1.0,1.0,1.0,1.0
2.30.30.20,1.0,1.0,1.0,1.0
2.30.30.220,1.0,0.0,0.0,1.0
2.30.30.240,0.6666666666666666,1.0,0.8,2.0
2.30.30.290,0.5,1.0,0.6666666666666666,1.0
2.30.30.30,0.6428571428571429,0.9,0.75,10.0
2.30.30.360,1.0,1.0,1.0,2.0
2.30.30.370,1.0,0.5,0.6666666666666666,2.0
2.30.30.380,1.0,0.75,0.8571428571428571,4.0
2.30.30.40,0.9090909090909091,1.0,0.9523809523809523,20.0
2.30.30.490,1.0,1.0,1.0,3.0
2.30.30.50,1.0,0.0,0.0,1.0
2.30.30.560,1.0,0.0,0.0,1.0
2.30.30.570,0.5,1.0,0.6666666666666666,1.0
2.30.30.60,1.0,0.0,0.0,1.0
2.30.30.670,1.0,0.0,0.0,1.0
2.30.30.70,1.0,0.0,0.0,1.0
2.30.30.760,1.0,1.0,1.0,1.0
2.30.30.830,1.0,1.0,1.0,1.0
2.30.30.870,1.0,0.0,0.0,1.0
2.30.30.90,1.0,1.0,1.0,3.0
2.30.31.10,0.6666666666666666,1.0,0.8,2.0
2.30.31.40,1.0,0.0,0.0,1.0
2.30.33.40,1.0,1.0,1.0,1.0
2.30.330.10,1.0,1.0,1.0,1.0
2.30.36.70,1.0,0.0,0.0,1.0
2.30.38.10,1.0,0.5,0.6666666666666666,2.0
2.30.39.10,1.0,1.0,1.0,2.0
2.30.40.10,0.8571428571428571,1.0,0.9230769230769231,12.0
2.30.42.10,1.0,1.0,1.0,17.0
2.40.10.10,0.9310344827586207,1.0,0.9642857142857143,27.0
2.40.10.120,1.0,0.8,0.8888888888888888,5.0
2.40.10.170,1.0,0.5,0.6666666666666666,2.0
2.40.10.190,0.5,1.0,0.6666666666666666,1.0
2.40.10.220,1.0,1.0,1.0,4.0
2.40.10.230,1.0,1.0,1.0,1.0
2.40.10.270,1.0,1.0,1.0,1.0
2.40.10.330,1.0,1.0,1.0,2.0
2.40.10.340,1.0,1.0,1.0,1.0
2.40.10.480,1.0,1.0,1.0,1.0
2.40.100.10,1.0,0.6666666666666666,0.8,3.0
2.40.100.20,0.5,1.0,0.6666666666666666,1.0
2.40.110.10,1.0,1.0,1.0,4.0
2.40.128.10,1.0,0.0,0.0,1.0
2.40.128.110,1.0,1.0,1.0,1.0
2.40.128.130,1.0,1.0,1.0,2.0
2.40.128.160,1.0,0.0,0.0,1.0
2.40.128.180,1.0,1.0,1.0,1.0
2.40.128.20,1.0,1.0,1.0,13.0
2.40.128.200,0.5,1.0,0.6666666666666666,1.0
2.40.128.250,1.0,0.0,0.0,2.0
2.40.128.260,1.0,1.0,1.0,1.0
2.40.128.270,1.0,1.0,1.0,2.0
2.40.128.280,0.5,1.0,0.6666666666666666,1.0
2.40.128.30,1.0,1.0,1.0,1.0
2.40.128.50,1.0,0.0,0.0,2.0
2.40.155.10,1.0,1.0,1.0,1.0
2.40.160.10,1.0,1.0,1.0,3.0
2.40.160.20,1.0,1.0,1.0,5.0
2.40.160.40,1.0,1.0,1.0,1.0
2.40.160.50,1.0,1.0,1.0,2.0
2.40.160.90,0.6666666666666666,1.0,0.8,2.0
2.40.170.20,1.0,1.0,1.0,3.0
2.40.180.10,0.6666666666666666,1.0,0.8,2.0
2.40.20.10,1.0,1.0,1.0,2.0
2.40.240.10,0.6666666666666666,0.6666666666666666,0.6666666666666666,3.0
2.40.240.20,1.0,0.75,0.8571428571428571,4.0
2.40.260.10,1.0,1.0,1.0,1.0
2.40.290.10,1.0,1.0,1.0,2.0
2.40.30.10,0.9,0.9473684210526315,0.9230769230769231,19.0
2.40.30.110,1.0,1.0,1.0,2.0
2.40.30.120,1.0,0.0,0.0,1.0
2.40.30.170,1.0,1.0,1.0,3.0
2.40.30.20,1.0,1.0,1.0,3.0
2.40.30.30,1.0,1.0,1.0,2.0
2.40.30.40,1.0,0.6666666666666666,0.8,3.0
2.40.30.60,1.0,1.0,1.0,1.0
2.40.300.10,1.0,1.0,1.0,1.0
2.40.320.10,1.0,1.0,1.0,4.0
2.40.33.10,0.5,1.0,0.6666666666666666,1.0
2.40.33.20,1.0,1.0,1.0,1.0
2.40.330.10,1.0,1.0,1.0,2.0
2.40.340.10,1.0,1.0,1.0,2.0
2.40.37.10,1.0,1.0,1.0,2.0
2.40.37.20,1.0,1.0,1.0,1.0
2.40.370.10,1.0,1.0,1.0,1.0
2.40.380.10,1.0,1.0,1.0,1.0
2.40.40.10,1.0,1.0,1.0,5.0
2.40.40.20,0.875,0.875,0.875,8.0
2.40.400.10,1.0,1.0,1.0,1.0
2.40.420.20,1.0,1.0,1.0,3.0
2.40.440.10,1.0,1.0,1.0,1.0
2.40.50.100,0.6956521739130435,0.8888888888888888,0.7804878048780488,18.0
2.40.50.110,1.0,0.0,0.0,6.0
2.40.50.120,1.0,1.0,1.0,2.0
2.40.50.140,0.8409090909090909,1.0,0.9135802469135802,74.0
2.40.50.150,1.0,1.0,1.0,1.0
2.40.50.170,1.0,0.0,0.0,1.0
2.40.50.180,1.0,1.0,1.0,1.0
2.40.50.230,1.0,1.0,1.0,2.0
2.40.50.320,1.0,1.0,1.0,2.0
2.40.50.360,1.0,0.0,0.0,1.0
2.40.50.40,0.8888888888888888,0.8888888888888888,0.8888888888888888,9.0
2.40.50.500,0.0,0.0,0.0,2.0
2.40.50.580,1.0,1.0,1.0,1.0
2.40.50.700,1.0,1.0,1.0,1.0
2.40.50.730,1.0,0.0,0.0,1.0
2.40.50.740,1.0,0.0,0.0,1.0
2.40.50.90,1.0,1.0,1.0,3.0
2.40.50.960,1.0,1.0,1.0,1.0
2.40.70.10,1.0,1.0,1.0,7.0
2.50.20.10,1.0,1.0,1.0,3.0
2.60.110.10,0.5,1.0,0.6666666666666666,1.0
2.60.120.10,0.9310344827586207,1.0,0.9642857142857143,54.0
2.60.120.1030,1.0,0.0,0.0,1.0
2.60.120.1390,1.0,1.0,1.0,1.0
2.60.120.1540,1.0,0.0,0.0,2.0
2.60.120.180,1.0,1.0,1.0,2.0
2.60.120.20,0.9285714285714286,0.8666666666666667,0.896551724137931,15.0
2.60.120.200,0.9565217391304348,0.9565217391304348,0.9565217391304348,23.0
2.60.120.220,1.0,0.0,0.0,2.0
2.60.120.230,1.0,1.0,1.0,2.0
2.60.120.260,0.8541666666666666,1.0,0.9213483146067416,41.0
2.60.120.290,1.0,1.0,1.0,1.0
2.60.120.320,1.0,0.0,0.0,1.0
2.60.120.330,1.0,1.0,1.0,2.0
2.60.120.340,1.0,1.0,1.0,1.0
2.60.120.380,0.5,0.75,0.6,4.0
2.60.120.40,1.0,1.0,1.0,4.0
2.60.120.430,1.0,1.0,1.0,4.0
2.60.120.560,0.8,1.0,0.8888888888888888,4.0
2.60.120.570,1.0,0.0,0.0,1.0
2.60.120.590,0.75,1.0,0.8571428571428571,3.0
2.60.120.620,1.0,0.875,0.9333333333333333,8.0
2.60.120.650,1.0,0.6666666666666666,0.8,3.0
2.60.120.730,0.3333333333333333,1.0,0.5,1.0
2.60.120.780,0.5,1.0,0.6666666666666666,1.0
2.60.120.860,1.0,0.0,0.0,1.0
2.60.120.920,1.0,1.0,1.0,3.0
2.60.130.10,1.0,1.0,1.0,1.0
2.60.20.10,1.0,1.0,1.0,4.0
2.60.20.30,1.0,1.0,1.0,2.0
2.60.200.10,1.0,0.0,0.0,1.0
2.60.200.20,0.9,1.0,0.9473684210526315,9.0
2.60.200.40,1.0,1.0,1.0,1.0
2.60.210.10,1.0,1.0,1.0,2.0
2.60.220.10,1.0,1.0,1.0,4.0
2.60.220.30,1.0,1.0,1.0,1.0
2.60.260.20,1.0,1.0,1.0,4.0
2.60.260.40,1.0,0.5,0.6666666666666666,2.0
2.60.270.20,1.0,0.0,0.0,1.0
2.60.270.50,1.0,1.0,1.0,1.0
2.60.300.12,1.0,1.0,1.0,1.0
2.60.320.10,1.0,1.0,1.0,1.0
2.60.34.10,1.0,1.0,1.0,1.0
2.60.40.10,0.9365853658536586,1.0,0.9672544080604534,192.0
2.60.40.1080,1.0,1.0,1.0,3.0
2.60.40.1090,0.7142857142857143,0.8333333333333334,0.7692307692307693,6.0
2.60.40.1110,0.75,1.0,0.8571428571428571,3.0
2.60.40.1120,1.0,1.0,1.0,3.0
2.60.40.1130,1.0,0.0,0.0,1.0
2.60.40.1140,1.0,1.0,1.0,2.0
2.60.40.1170,0.6666666666666666,1.0,0.8,2.0
2.60.40.1180,0.9574468085106383,0.9375,0.9473684210526315,48.0
2.60.40.1190,1.0,1.0,1.0,2.0
2.60.40.1220,1.0,0.75,0.8571428571428571,4.0
2.60.40.1230,1.0,1.0,1.0,1.0
2.60.40.1240,0.6666666666666666,1.0,0.8,2.0
2.60.40.1280,1.0,1.0,1.0,3.0
2.60.40.1290,1.0,0.6666666666666666,0.8,3.0
2.60.40.1320,1.0,1.0,1.0,3.0
2.60.40.1360,1.0,0.0,0.0,1.0
2.60.40.1400,1.0,1.0,1.0,1.0
2.60.40.1460,1.0,0.0,0.0,1.0
2.60.40.150,1.0,0.9090909090909091,0.9523809523809523,11.0
2.60.40.1500,1.0,1.0,1.0,1.0
2.60.40.1510,1.0,1.0,1.0,2.0
2.60.40.1530,1.0,1.0,1.0,1.0
2.60.40.1570,1.0,0.0,0.0,1.0
2.60.40.1620,1.0,0.0,0.0,1.0
2.60.40.1670,1.0,1.0,1.0,1.0
2.60.40.1730,1.0,1.0,1.0,2.0
2.60.40.1740,1.0,1.0,1.0,2.0
2.60.40.1760,1.0,1.0,1.0,2.0
2.60.40.1850,1.0,1.0,1.0,2.0
2.60.40.1910,1.0,1.0,1.0,1.0
2.60.40.1930,1.0,1.0,1.0,4.0
2.60.40.1940,1.0,1.0,1.0,1.0
2.60.40.1970,1.0,1.0,1.0,1.0
2.60.40.20,1.0,1.0,1.0,1.0
2.60.40.200,1.0,1.0,1.0,2.0
2.60.40.2020,1.0,1.0,1.0,1.0
2.60.40.2030,1.0,1.0,1.0,1.0
2.60.40.2040,0.0,0.0,0.0,1.0
2.60.40.2060,1.0,1.0,1.0,2.0
2.60.40.2070,1.0,1.0,1.0,1.0
2.60.40.2080,1.0,1.0,1.0,1.0
2.60.40.2090,1.0,1.0,1.0,1.0
2.60.40.2220,1.0,1.0,1.0,1.0
2.60.40.2340,1.0,1.0,1.0,1.0
2.60.40.2370,1.0,1.0,1.0,1.0
2.60.40.2420,1.0,1.0,1.0,1.0
2.60.40.2500,1.0,1.0,1.0,1.0
2.60.40.2580,1.0,1.0,1.0,3.0
2.60.40.2620,0.6666666666666666,1.0,0.8,2.0
2.60.40.2630,0.6666666666666666,1.0,0.8,2.0
2.60.40.2770,1.0,0.0,0.0,1.0
2.60.40.2840,1.0,1.0,1.0,1.0
2.60.40.290,1.0,1.0,1.0,2.0
2.60.40.2910,1.0,0.0,0.0,1.0
2.60.40.3050,1.0,1.0,1.0,1.0
2.60.40.3080,1.0,1.0,1.0,1.0
2.60.40.3230,1.0,1.0,1.0,1.0
2.60.40.340,1.0,0.5,0.6666666666666666,2.0
2.60.40.3540,1.0,0.0,0.0,1.0
2.60.40.3620,1.0,1.0,1.0,1.0
2.60.40.3690,1.0,1.0,1.0,2.0
2.60.40.380,1.0,1.0,1.0,1.0
2.60.40.4070,1.0,1.0,1.0,1.0
2.60.40.4100,1.0,1.0,1.0,1.0
2.60.40.420,1.0,1.0,1.0,13.0
2.60.40.550,1.0,0.0,0.0,1.0
2.60.40.60,1.0,0.875,0.9333333333333333,8.0
2.60.40.630,1.0,0.0,0.0,1.0
2.60.40.640,1.0,1.0,1.0,2.0
2.60.40.650,1.0,1.0,1.0,1.0
2.60.40.680,1.0,1.0,1.0,4.0
2.60.40.710,1.0,1.0,1.0,1.0
2.60.40.720,1.0,0.0,0.0,1.0
2.60.40.740,1.0,1.0,1.0,6.0
2.60.40.760,1.0,1.0,1.0,1.0
2.60.40.770,1.0,1.0,1.0,1.0
2.60.40.790,1.0,1.0,1.0,8.0
2.60.410.10,1.0,1.0,1.0,1.0
2.60.420.10,1.0,1.0,1.0,2.0
2.60.450.10,1.0,1.0,1.0,1.0
2.60.510.20,1.0,1.0,1.0,1.0
2.60.520.10,1.0,1.0,1.0,1.0
2.60.60.20,1.0,0.5,0.6666666666666666,2.0
2.70.130.10,1.0,1.0,1.0,2.0
2.70.150.10,1.0,1.0,1.0,1.0
2.70.160.11,1.0,1.0,1.0,2.0
2.70.20.10,0.6666666666666666,1.0,0.8,2.0
2.70.40.10,1.0,1.0,1.0,4.0
2.70.50.70,0.6666666666666666,1.0,0.8,2.0
2.70.70.10,1.0,1.0,1.0,3.0
2.70.9.10,1.0,1.0,1.0,1.0
2.70.98.10,1.0,0.875,0.9333333333333333,8.0
2.70.98.30,1.0,1.0,1.0,2.0
2.70.98.40,0.5,1.0,0.6666666666666666,1.0
2.70.98.50,1.0,1.0,1.0,1.0
2.70.98.70,1.0,1.0,1.0,2.0
2.80.10.50,1.0,1.0,1.0,25.0
2.90.10.10,1.0,1.0,1.0,2.0
3.10.10.10,0.5,1.0,0.6666666666666666,1.0
3.10.100.10,1.0,1.0,1.0,6.0
3.10.105.10,1.0,1.0,1.0,3.0
3.10.110.10,1.0,1.0,1.0,5.0
3.10.120.10,1.0,1.0,1.0,1.0
3.10.129.10,1.0,0.9583333333333334,0.9787234042553191,24.0
3.10.129.110,0.75,1.0,0.8571428571428571,3.0
3.10.150.10,0.8,0.8,0.8,5.0
3.10.170.10,1.0,1.0,1.0,1.0
3.10.180.10,0.9285714285714286,1.0,0.9629629629629629,26.0
3.10.20.10,1.0,0.8,0.8888888888888888,5.0
3.10.20.120,1.0,0.0,0.0,3.0
3.10.20.180,1.0,0.0,0.0,1.0
3.10.20.230,0.5,1.0,0.6666666666666666,1.0
3.10.20.30,0.9230769230769231,0.9230769230769231,0.9230769230769231,13.0
3.10.20.310,1.0,1.0,1.0,7.0
3.10.20.320,0.6666666666666666,1.0,0.8,2.0
3.10.20.410,1.0,1.0,1.0,1.0
3.10.20.580,1.0,1.0,1.0,1.0
3.10.20.70,1.0,1.0,1.0,1.0
3.10.20.90,0.9795918367346939,1.0,0.9896907216494846,48.0
3.10.200.10,1.0,1.0,1.0,1.0
3.10.25.10,1.0,1.0,1.0,1.0
3.10.250.10,1.0,1.0,1.0,1.0
3.10.270.10,1.0,1.0,1.0,1.0
3.10.28.10,1.0,1.0,1.0,10.0
3.10.28.20,1.0,1.0,1.0,1.0
3.10.280.10,1.0,1.0,1.0,1.0
3.10.290.10,1.0,1.0,1.0,6.0
3.10.290.20,1.0,1.0,1.0,1.0
3.10.310.10,1.0,1.0,1.0,5.0
3.10.310.20,1.0,0.0,0.0,1.0
3.10.310.30,1.0,1.0,1.0,1.0
3.10.310.50,1.0,1.0,1.0,2.0
3.10.320.10,1.0,0.5,0.6666666666666666,2.0
3.10.330.10,1.0,1.0,1.0,3.0
3.10.330.20,1.0,0.6666666666666666,0.8,3.0
3.10.350.10,1.0,1.0,1.0,2.0
3.10.360.10,0.25,1.0,0.4,1.0
3.10.390.10,1.0,1.0,1.0,1.0
3.10.40.10,1.0,0.0,0.0,1.0
3.10.400.10,1.0,1.0,1.0,1.0
3.10.420.10,1.0,1.0,1.0,1.0
3.10.440.10,1.0,1.0,1.0,1.0
3.10.450.10,1.0,1.0,1.0,5.0
3.10.450.120,0.0,0.0,0.0,1.0
3.10.450.160,1.0,1.0,1.0,1.0
3.10.450.220,1.0,0.0,0.0,1.0
3.10.450.240,1.0,1.0,1.0,1.0
3.10.450.30,1.0,1.0,1.0,2.0
3.10.450.300,1.0,0.0,0.0,1.0
3.10.450.330,1.0,0.0,0.0,1.0
3.10.450.350,1.0,1.0,1.0,2.0
3.10.450.360,1.0,1.0,1.0,1.0
3.10.450.40,0.6666666666666666,0.8,0.7272727272727273,10.0
3.10.450.50,1.0,1.0,1.0,39.0
3.10.450.540,1.0,1.0,1.0,1.0
3.10.450.60,1.0,0.0,0.0,1.0
3.10.450.70,1.0,1.0,1.0,1.0
3.10.450.700,1.0,1.0,1.0,1.0
3.10.450.80,1.0,0.0,0.0,1.0
3.10.450.90,1.0,0.0,0.0,1.0
3.10.490.10,1.0,1.0,1.0,3.0
3.10.50.10,0.8333333333333334,0.8333333333333334,0.8333333333333334,6.0
3.10.50.30,1.0,1.0,1.0,1.0
3.10.50.40,1.0,1.0,1.0,8.0
3.10.520.10,1.0,1.0,1.0,2.0
3.10.540.10,1.0,0.0,0.0,1.0
3.10.560.10,1.0,1.0,1.0,2.0
3.10.580.10,0.8,1.0,0.8888888888888888,8.0
3.10.590.10,1.0,1.0,1.0,2.0
3.10.620.30,1.0,1.0,1.0,3.0
3.10.670.10,1.0,1.0,1.0,1.0
3.100.10.10,1.0,1.0,1.0,3.0
3.100.10.20,1.0,1.0,1.0,2.0
3.15.10.10,0.5,1.0,0.6666666666666666,1.0
3.15.10.20,1.0,1.0,1.0,1.0
3.15.20.10,1.0,1.0,1.0,1.0
3.20.10.10,1.0,1.0,1.0,3.0
3.20.100.10,1.0,1.0,1.0,1.0
3.20.110.10,1.0,1.0,1.0,1.0
3.20.120.10,1.0,1.0,1.0,1.0
3.20.140.10,1.0,1.0,1.0,1.0
3.20.180.10,1.0,0.6666666666666666,0.8,3.0
3.20.19.10,1.0,1.0,1.0,1.0
3.20.190.10,1.0,1.0,1.0,3.0
3.20.20.10,1.0,1.0,1.0,3.0
3.20.20.100,1.0,1.0,1.0,2.0
3.20.20.120,1.0,1.0,1.0,6.0
3.20.20.140,1.0,0.9523809523809523,0.975609756097561,21.0
3.20.20.150,1.0,1.0,1.0,13.0
3.20.20.190,1.0,1.0,1.0,3.0
3.20.20.20,1.0,1.0,1.0,2.0
3.20.20.210,1.0,1.0,1.0,3.0
3.20.20.220,1.0,1.0,1.0,2.0
3.20.20.240,1.0,1.0,1.0,1.0
3.20.20.30,1.0,1.0,1.0,4.0
3.20.20.300,1.0,1.0,1.0,1.0
3.20.20.360,1.0,0.0,0.0,1.0
3.20.20.370,1.0,1.0,1.0,5.0
3.20.20.450,1.0,1.0,1.0,2.0
3.20.20.60,0.6666666666666666,1.0,0.8,4.0
3.20.20.70,0.9736842105263158,0.9024390243902439,0.9367088607594937,41.0
3.20.20.80,0.925,0.9487179487179487,0.9367088607594937,39.0
3.20.70.20,0.75,1.0,0.8571428571428571,3.0
3.20.80.10,1.0,1.0,1.0,4.0
3.30.10.10,1.0,1.0,1.0,1.0
3.30.10.20,1.0,1.0,1.0,4.0
3.30.1010.10,1.0,1.0,1.0,1.0
3.30.1020.10,1.0,0.0,0.0,1.0
3.30.1050.10,1.0,1.0,1.0,4.0
3.30.1070.10,1.0,1.0,1.0,1.0
3.30.110.120,1.0,0.0,0.0,1.0
3.30.110.150,1.0,1.0,1.0,2.0
3.30.110.20,1.0,1.0,1.0,3.0
3.30.110.30,1.0,0.6666666666666666,0.8,3.0
3.30.110.40,1.0,1.0,1.0,1.0
3.30.110.70,1.0,1.0,1.0,1.0
3.30.1120.10,1.0,1.0,1.0,3.0
3.30.1120.120,1.0,0.0,0.0,1.0
3.30.1120.130,1.0,1.0,1.0,1.0
3.30.1120.30,1.0,1.0,1.0,1.0
3.30.1120.50,1.0,0.0,0.0,1.0
3.30.1130.10,1.0,1.0,1.0,4.0
3.30.1140.32,1.0,1.0,1.0,1.0
3.30.1150.10,1.0,1.0,1.0,2.0
3.30.1180.10,1.0,1.0,1.0,2.0
3.30.1200.10,1.0,1.0,1.0,1.0
3.30.1240.10,0.5333333333333333,1.0,0.6956521739130435,8.0
3.30.1240.20,1.0,0.0,0.0,1.0
3.30.1250.10,1.0,0.0,0.0,1.0
3.30.1300.10,1.0,1.0,1.0,1.0
3.30.1300.30,0.6666666666666666,1.0,0.8,2.0
3.30.1320.10,1.0,1.0,1.0,1.0
3.30.1330.10,1.0,1.0,1.0,3.0
3.30.1330.120,1.0,1.0,1.0,1.0
3.30.1330.130,1.0,1.0,1.0,1.0
3.30.1330.20,1.0,0.6666666666666666,0.8,3.0
3.30.1330.30,1.0,1.0,1.0,8.0
3.30.1330.40,1.0,1.0,1.0,4.0
3.30.1330.60,1.0,1.0,1.0,1.0
3.30.1330.80,1.0,1.0,1.0,2.0
3.30.1330.90,1.0,1.0,1.0,1.0
3.30.1360.10,1.0,1.0,1.0,3.0
3.30.1360.100,1.0,1.0,1.0,2.0
3.30.1360.120,0.75,1.0,0.8571428571428571,3.0
3.30.1360.150,0.0,0.0,0.0,1.0
3.30.1360.170,1.0,1.0,1.0,1.0
3.30.1360.180,1.0,0.5,0.6666666666666666,2.0
3.30.1360.30,1.0,0.0,0.0,1.0
3.30.1360.40,1.0,1.0,1.0,4.0
3.30.1360.60,1.0,1.0,1.0,1.0
3.30.1360.70,1.0,1.0,1.0,2.0
3.30.1370.10,0.875,1.0,0.9333333333333333,7.0
3.30.1370.100,1.0,1.0,1.0,1.0
3.30.1370.110,1.0,1.0,1.0,1.0
3.30.1370.120,1.0,1.0,1.0,3.0
3.30.1370.170,1.0,0.0,0.0,1.0
3.30.1370.30,1.0,1.0,1.0,1.0
3.30.1370.50,1.0,1.0,1.0,2.0
3.30.1370.60,1.0,1.0,1.0,1.0
3.30.1380.10,1.0,1.0,1.0,3.0
3.30.1380.20,1.0,1.0,1.0,3.0
3.30.1390.10,0.5,1.0,0.6666666666666666,1.0
3.30.1390.20,0.5,1.0,0.6666666666666666,1.0
3.30.1420.10,1.0,1.0,1.0,1.0
3.30.1430.10,1.0,0.0,0.0,1.0
3.30.1440.10,1.0,1.0,1.0,2.0
3.30.1450.10,1.0,1.0,1.0,3.0
3.30.1460.10,1.0,1.0,1.0,8.0
3.30.1460.20,1.0,1.0,1.0,2.0
3.30.1490.10,1.0,0.0,0.0,1.0
3.30.1490.100,1.0,1.0,1.0,4.0
3.30.1490.120,1.0,0.0,0.0,1.0
3.30.1490.190,1.0,1.0,1.0,1.0
3.30.1490.20,1.0,0.9090909090909091,0.9523809523809523,11.0
3.30.1490.40,1.0,1.0,1.0,2.0
3.30.1490.70,0.75,0.6,0.6666666666666666,5.0
3.30.1490.80,1.0,0.0,0.0,1.0
3.30.1520.10,1.0,1.0,1.0,2.0
3.30.1540.10,1.0,1.0,1.0,2.0
3.30.1550.10,1.0,1.0,1.0,1.0
3.30.160.110,1.0,0.3333333333333333,0.5,3.0
3.30.160.150,1.0,1.0,1.0,3.0
3.30.160.20,1.0,1.0,1.0,13.0
3.30.160.250,1.0,1.0,1.0,2.0
3.30.160.280,1.0,0.0,0.0,1.0
3.30.160.60,0.9666666666666667,0.90625,0.9354838709677419,32.0
3.30.160.670,1.0,1.0,1.0,1.0
3.30.160.70,0.6666666666666666,0.6666666666666666,0.6666666666666666,3.0
3.30.1600.10,1.0,1.0,1.0,1.0
3.30.1640.10,1.0,1.0,1.0,3.0
3.30.1660.10,1.0,1.0,1.0,3.0
3.30.1680.10,1.0,1.0,1.0,3.0
3.30.1690.10,0.3333333333333333,1.0,0.5,1.0
3.30.170.10,1.0,0.0,0.0,1.0
3.30.1780.10,1.0,1.0,1.0,1.0
3.30.1880.10,1.0,1.0,1.0,1.0
3.30.1890.10,0.6666666666666666,1.0,0.8,2.0
3.30.190.20,1.0,0.6666666666666666,0.8,3.0
3.30.1920.10,1.0,1.0,1.0,1.0
3.30.200.20,0.8888888888888888,0.9696969696969697,0.927536231884058,33.0
3.30.200.40,1.0,0.0,0.0,1.0
3.30.2000.30,1.0,1.0,1.0,1.0
3.30.2010.10,1.0,1.0,1.0,1.0
3.30.2020.30,1.0,1.0,1.0,1.0
3.30.2060.10,1.0,1.0,1.0,1.0
3.30.2090.10,1.0,1.0,1.0,1.0
3.30.210.10,1.0,0.5,0.6666666666666666,2.0
3.30.2130.10,1.0,1.0,1.0,3.0
3.30.2130.30,1.0,1.0,1.0,2.0
3.30.2170.10,1.0,1.0,1.0,1.0
3.30.2180.10,1.0,0.0,0.0,1.0
3.30.2290.10,1.0,1.0,1.0,1.0
3.30.230.10,1.0,1.0,1.0,9.0
3.30.230.40,1.0,1.0,1.0,1.0
3.30.230.70,0.75,1.0,0.8571428571428571,3.0
3.30.230.90,1.0,0.0,0.0,1.0
3.30.2300.10,1.0,1.0,1.0,1.0
3.30.2310.20,1.0,1.0,1.0,4.0
3.30.2320.10,1.0,1.0,1.0,2.0
3.30.2320.20,1.0,0.0,0.0,1.0
3.30.2320.30,1.0,1.0,1.0,1.0
3.30.2350.10,1.0,1.0,1.0,2.0
3.30.2350.20,1.0,1.0,1.0,1.0
3.30.2380.10,1.0,1.0,1.0,1.0
3.30.240.20,1.0,1.0,1.0,1.0
3.30.240.40,1.0,0.0,0.0,1.0
3.30.260.10,1.0,1.0,1.0,1.0
3.30.30.10,0.875,1.0,0.9333333333333333,7.0
3.30.30.30,1.0,1.0,1.0,2.0
3.30.300.10,1.0,1.0,1.0,3.0
3.30.300.100,1.0,1.0,1.0,1.0
3.30.300.110,1.0,1.0,1.0,1.0
3.30.300.130,1.0,1.0,1.0,2.0
3.30.300.160,1.0,1.0,1.0,1.0
3.30.300.180,0.5,1.0,0.6666666666666666,1.0
3.30.300.20,0.9230769230769231,0.9230769230769231,0.9230769230769231,13.0
3.30.300.250,1.0,1.0,1.0,1.0
3.30.300.30,1.0,1.0,1.0,4.0
3.30.300.50,1.0,1.0,1.0,1.0
3.30.300.90,1.0,1.0,1.0,1.0
3.30.310.10,1.0,1.0,1.0,4.0
3.30.310.130,1.0,1.0,1.0,1.0
3.30.310.160,1.0,1.0,1.0,1.0
3.30.310.20,1.0,1.0,1.0,1.0
3.30.310.210,1.0,0.0,0.0,1.0
3.30.310.50,1.0,1.0,1.0,5.0
3.30.310.80,0.5,1.0,0.6666666666666666,1.0
3.30.342.10,1.0,0.0,0.0,1.0
3.30.360.10,1.0,0.8636363636363636,0.926829268292683,22.0
3.30.360.20,0.5,1.0,0.6666666666666666,2.0
3.30.360.50,1.0,0.0,0.0,1.0
3.30.365.10,0.8,1.0,0.8888888888888888,4.0
3.30.370.10,1.0,1.0,1.0,1.0
3.30.379.10,0.8333333333333334,1.0,0.9090909090909091,5.0
3.30.386.10,1.0,0.0,0.0,1.0
3.30.390.10,0.9230769230769231,1.0,0.96,12.0
3.30.390.110,1.0,1.0,1.0,2.0
3.30.390.30,1.0,1.0,1.0,6.0
3.30.390.50,1.0,1.0,1.0,5.0
3.30.40.10,0.8571428571428571,0.967741935483871,0.9090909090909091,31.0
3.30.410.10,1.0,0.0,0.0,1.0
3.30.410.40,1.0,0.5,0.6666666666666666,2.0
3.30.413.10,1.0,0.6666666666666666,0.8,3.0
3.30.420.10,1.0,1.0,1.0,22.0
3.30.420.100,1.0,1.0,1.0,1.0
3.30.420.110,1.0,1.0,1.0,3.0
3.30.420.130,0.6666666666666666,1.0,0.8,2.0
3.30.420.140,1.0,0.0,0.0,1.0
3.30.420.150,0.6666666666666666,1.0,0.8,2.0
3.30.420.180,1.0,1.0,1.0,1.0
3.30.420.220,0.0,0.0,0.0,1.0
3.30.420.240,1.0,1.0,1.0,2.0
3.30.420.270,0.5,1.0,0.6666666666666666,1.0
3.30.420.280,1.0,1.0,1.0,1.0
3.30.420.370,1.0,0.0,0.0,1.0
3.30.420.40,0.7924528301886793,1.0,0.8842105263157894,42.0
3.30.420.60,1.0,1.0,1.0,3.0
3.30.420.80,1.0,1.0,1.0,1.0
3.30.428.10,1.0,1.0,1.0,5.0
3.30.429.10,1.0,1.0,1.0,7.0
3.30.43.10,1.0,0.7142857142857143,0.8333333333333334,7.0
3.30.450.150,1.0,1.0,1.0,2.0
3.30.450.190,1.0,0.0,0.0,1.0
3.30.450.20,0.9722222222222222,1.0,0.9859154929577465,35.0
3.30.450.270,1.0,1.0,1.0,1.0
3.30.450.30,0.7142857142857143,1.0,0.8333333333333334,5.0
3.30.450.40,1.0,1.0,1.0,14.0
3.30.450.50,0.6666666666666666,1.0,0.8,2.0
3.30.450.60,1.0,0.6666666666666666,0.8,3.0
3.30.450.70,1.0,1.0,1.0,2.0
3.30.450.80,1.0,1.0,1.0,2.0
3.30.450.90,1.0,1.0,1.0,2.0
3.30.457.50,1.0,1.0,1.0,1.0
3.30.460.10,1.0,1.0,1.0,12.0
3.30.460.20,1.0,1.0,1.0,1.0
3.30.460.40,1.0,1.0,1.0,1.0
3.30.460.80,1.0,1.0,1.0,1.0
3.30.460.90,1.0,1.0,1.0,1.0
3.30.465.10,0.8461538461538461,1.0,0.9166666666666666,11.0
3.30.470.10,1.0,1.0,1.0,5.0
3.30.470.20,0.8235294117647058,1.0,0.9032258064516129,14.0
3.30.470.30,1.0,0.875,0.9333333333333333,8.0
3.30.479.10,1.0,1.0,1.0,2.0
3.30.479.20,1.0,1.0,1.0,1.0
3.30.479.30,1.0,1.0,1.0,1.0
3.30.497.10,0.5,1.0,0.6666666666666666,2.0
3.30.499.10,0.6666666666666666,0.6666666666666666,0.6666666666666666,3.0
3.30.50.10,0.5,0.5,0.5,2.0
3.30.500.10,0.8,1.0,0.8888888888888888,4.0
3.30.505.10,0.875,1.0,0.9333333333333333,7.0
3.30.519.10,1.0,1.0,1.0,1.0
3.30.530.20,0.95,1.0,0.9743589743589743,19.0
3.30.530.80,1.0,1.0,1.0,1.0
3.30.54.20,1.0,1.0,1.0,2.0
3.30.540.10,1.0,1.0,1.0,2.0
3.30.559.10,1.0,1.0,1.0,8.0
3.30.559.30,1.0,1.0,1.0,4.0
3.30.56.10,1.0,1.0,1.0,3.0
3.30.56.30,1.0,1.0,1.0,2.0
3.30.56.70,1.0,1.0,1.0,1.0
3.30.560.10,0.2,1.0,0.3333333333333333,1.0
3.30.565.10,1.0,1.0,1.0,7.0
3.30.565.40,1.0,1.0,1.0,2.0
3.30.572.10,1.0,0.5,0.6666666666666666,2.0
3.30.590.10,1.0,1.0,1.0,1.0
3.30.590.20,0.5,1.0,0.6666666666666666,1.0
3.30.60.160,1.0,0.0,0.0,1.0
3.30.60.20,0.75,0.75,0.75,4.0
3.30.60.30,1.0,0.42857142857142855,0.6,7.0
3.30.60.50,1.0,0.0,0.0,1.0
3.30.60.70,1.0,0.0,0.0,1.0
3.30.60.80,1.0,0.0,0.0,1.0
3.30.60.90,1.0,1.0,1.0,1.0
3.30.66.10,1.0,0.0,0.0,1.0
3.30.70.100,0.9354838709677419,1.0,0.9666666666666667,29.0
3.30.70.1030,1.0,1.0,1.0,1.0
3.30.70.1050,1.0,1.0,1.0,1.0
3.30.70.1060,1.0,1.0,1.0,2.0
3.30.70.1070,1.0,1.0,1.0,2.0
3.30.70.1150,1.0,1.0,1.0,2.0
3.30.70.1170,1.0,0.5,0.6666666666666666,4.0
3.30.70.120,0.8571428571428571,1.0,0.9230769230769231,6.0
3.30.70.1200,1.0,1.0,1.0,1.0
3.30.70.1230,1.0,0.5,0.6666666666666666,2.0
3.30.70.1290,1.0,1.0,1.0,1.0
3.30.70.1350,1.0,1.0,1.0,1.0
3.30.70.1360,1.0,0.0,0.0,1.0
3.30.70.1400,1.0,0.6666666666666666,0.8,3.0
3.30.70.141,1.0,1.0,1.0,1.0
3.30.70.1430,1.0,1.0,1.0,1.0
3.30.70.1450,1.0,1.0,1.0,3.0
3.30.70.1470,1.0,1.0,1.0,1.0
3.30.70.1490,1.0,1.0,1.0,1.0
3.30.70.150,1.0,1.0,1.0,2.0
3.30.70.1530,1.0,1.0,1.0,1.0
3.30.70.1560,0.6666666666666666,1.0,0.8,2.0
3.30.70.1710,1.0,1.0,1.0,4.0
3.30.70.1730,1.0,1.0,1.0,2.0
3.30.70.1770,1.0,0.0,0.0,1.0
3.30.70.1890,1.0,1.0,1.0,1.0
3.30.70.1900,1.0,1.0,1.0,2.0
3.30.70.20,1.0,0.875,0.9333333333333333,8.0
3.30.70.2010,1.0,0.0,0.0,2.0
3.30.70.2240,1.0,0.0,0.0,1.0
3.30.70.2330,1.0,1.0,1.0,1.0
3.30.70.2380,1.0,0.0,0.0,1.0
3.30.70.240,0.8,0.8,0.8,5.0
3.30.70.2450,0.3333333333333333,0.5,0.4,2.0
3.30.70.250,0.8,1.0,0.8888888888888888,4.0
3.30.70.260,1.0,1.0,1.0,17.0
3.30.70.2600,1.0,0.0,0.0,1.0
3.30.70.2660,1.0,1.0,1.0,1.0
3.30.70.270,0.9090909090909091,1.0,0.9523809523809523,10.0
3.30.70.3000,1.0,1.0,1.0,1.0
3.30.70.3170,1.0,0.0,0.0,1.0
3.30.70.3190,1.0,0.0,0.0,1.0
3.30.70.3290,0.6666666666666666,1.0,0.8,2.0
3.30.70.330,1.0,0.96875,0.9841269841269841,32.0
3.30.70.340,1.0,1.0,1.0,2.0
3.30.70.360,0.875,1.0,0.9333333333333333,7.0
3.30.70.370,1.0,1.0,1.0,2.0
3.30.70.380,1.0,1.0,1.0,1.0
3.30.70.420,1.0,1.0,1.0,1.0
3.30.70.440,1.0,0.0,0.0,1.0
3.30.70.470,1.0,0.0,0.0,1.0
3.30.70.520,1.0,0.0,0.0,1.0
3.30.70.580,0.6666666666666666,1.0,0.8,2.0
3.30.70.590,1.0,1.0,1.0,1.0
3.30.70.60,1.0,0.6666666666666666,0.8,3.0
3.30.70.600,1.0,0.0,0.0,1.0
3.30.70.660,1.0,1.0,1.0,1.0
3.30.70.790,1.0,1.0,1.0,2.0
3.30.70.80,1.0,1.0,1.0,4.0
3.30.70.860,1.0,0.0,0.0,1.0
3.30.70.870,1.0,1.0,1.0,2.0
3.30.70.890,0.7142857142857143,1.0,0.8333333333333334,5.0
3.30.70.920,0.8333333333333334,1.0,0.9090909090909091,5.0
3.30.70.930,1.0,1.0,1.0,2.0
3.30.70.940,1.0,1.0,1.0,2.0
3.30.70.960,1.0,1.0,1.0,1.0
3.30.70.980,0.3333333333333333,1.0,0.5,1.0
3.30.700.10,1.0,0.5,0.6666666666666666,2.0
3.30.710.10,1.0,1.0,1.0,5.0
3.30.720.10,1.0,1.0,1.0,2.0
3.30.720.110,1.0,0.3333333333333333,0.5,3.0
3.30.720.120,1.0,1.0,1.0,2.0
3.30.720.50,1.0,1.0,1.0,3.0
3.30.750.24,1.0,1.0,1.0,6.0
3.30.750.44,0.4,1.0,0.5714285714285714,2.0
3.30.750.80,1.0,1.0,1.0,1.0
3.30.760.10,1.0,1.0,1.0,1.0
3.30.780.10,1.0,1.0,1.0,1.0
3.30.830.10,0.9166666666666666,1.0,0.9565217391304348,11.0
3.30.860.10,1.0,0.0,0.0,1.0
3.30.870.10,1.0,1.0,1.0,8.0
3.30.9.10,0.5714285714285714,1.0,0.7272727272727273,12.0
3.30.9.30,1.0,1.0,1.0,1.0
3.30.900.10,1.0,1.0,1.0,2.0
3.30.920.30,1.0,1.0,1.0,2.0
3.30.930.10,1.0,1.0,1.0,12.0
3.30.930.20,1.0,0.0,0.0,1.0
3.30.930.30,1.0,1.0,1.0,1.0
3.30.950.10,1.0,1.0,1.0,5.0
3.30.950.30,1.0,1.0,1.0,1.0
3.30.980.10,1.0,1.0,1.0,2.0
3.30.980.20,1.0,1.0,1.0,1.0
3.40.1000.10,1.0,1.0,1.0,3.0
3.40.1000.30,1.0,1.0,1.0,1.0
3.40.1010.10,1.0,1.0,1.0,2.0
3.40.1010.20,1.0,1.0,1.0,1.0
3.40.1030.10,1.0,1.0,1.0,2.0
3.40.1050.10,1.0,1.0,1.0,1.0
3.40.1060.10,1.0,0.0,0.0,1.0
3.40.1080.10,1.0,1.0,1.0,4.0
3.40.109.10,1.0,1.0,1.0,5.0
3.40.1090.10,1.0,1.0,1.0,2.0
3.40.1110.10,0.6,1.0,0.75,3.0
3.40.1160.10,1.0,1.0,1.0,4.0
3.40.1170.10,1.0,1.0,1.0,1.0
3.40.1170.20,1.0,0.5,0.6666666666666666,2.0
3.40.1180.10,1.0,1.0,1.0,1.0
3.40.1190.10,1.0,1.0,1.0,1.0
3.40.1190.20,1.0,1.0,1.0,5.0
3.40.120.10,0.9,1.0,0.9473684210526315,9.0
3.40.1260.10,1.0,1.0,1.0,4.0
3.40.1280.10,1.0,1.0,1.0,5.0
3.40.1310.20,1.0,0.6666666666666666,0.8,3.0
3.40.1350.10,0.7,0.875,0.7777777777777778,8.0
3.40.1350.100,1.0,1.0,1.0,1.0
3.40.1350.150,1.0,1.0,1.0,1.0
3.40.1360.10,0.6666666666666666,0.6666666666666666,0.6666666666666666,3.0
3.40.1370.10,1.0,1.0,1.0,2.0
3.40.1380.10,1.0,1.0,1.0,2.0
3.40.1380.20,1.0,1.0,1.0,1.0
3.40.1390.10,1.0,1.0,1.0,3.0
3.40.1390.20,0.6666666666666666,1.0,0.8,2.0
3.40.1390.30,1.0,1.0,1.0,1.0
3.40.140.10,0.7777777777777778,1.0,0.875,7.0
3.40.140.20,1.0,0.0,0.0,1.0
3.40.1400.10,1.0,1.0,1.0,1.0
3.40.1410.10,1.0,1.0,1.0,4.0
3.40.1420.10,1.0,1.0,1.0,1.0
3.40.1440.10,1.0,1.0,1.0,2.0
3.40.1490.10,1.0,1.0,1.0,1.0
3.40.1500.20,1.0,1.0,1.0,1.0
3.40.1550.10,1.0,1.0,1.0,2.0
3.40.1570.10,1.0,1.0,1.0,2.0
3.40.1580.10,1.0,1.0,1.0,2.0
3.40.1620.10,1.0,1.0,1.0,3.0
3.40.1630.10,1.0,0.0,0.0,1.0
3.40.1650.10,1.0,1.0,1.0,1.0
3.40.1670.10,1.0,1.0,1.0,1.0
3.40.1700.10,1.0,1.0,1.0,1.0
3.40.1740.10,1.0,1.0,1.0,1.0
3.40.1800.10,1.0,1.0,1.0,1.0
3.40.1840.10,1.0,0.0,0.0,1.0
3.40.190.10,0.8557692307692307,0.9888888888888889,0.9175257731958762,90.0
3.40.190.100,1.0,0.0,0.0,1.0
3.40.190.120,1.0,1.0,1.0,1.0
3.40.190.170,0.6666666666666666,1.0,0.8,2.0
3.40.190.290,1.0,1.0,1.0,2.0
3.40.190.80,1.0,1.0,1.0,5.0
3.40.198.10,1.0,0.0,0.0,1.0
3.40.20.10,1.0,1.0,1.0,5.0
3.40.210.20,1.0,0.0,0.0,1.0
3.40.220.10,1.0,1.0,1.0,8.0
3.40.225.10,1.0,1.0,1.0,2.0
3.40.228.10,1.0,1.0,1.0,2.0
3.40.250.10,0.9,1.0,0.9473684210526315,9.0
3.40.30.10,0.9230769230769231,1.0,0.96,60.0
3.40.30.120,1.0,1.0,1.0,1.0
3.40.30.50,1.0,1.0,1.0,1.0
3.40.30.60,1.0,1.0,1.0,2.0
3.40.30.80,1.0,0.0,0.0,1.0
3.40.309.10,0.6666666666666666,1.0,0.8,2.0
3.40.33.10,1.0,1.0,1.0,2.0
3.40.350.10,1.0,1.0,1.0,8.0
3.40.366.10,1.0,1.0,1.0,2.0
3.40.367.20,1.0,0.5,0.6666666666666666,2.0
3.40.390.10,1.0,1.0,1.0,10.0
3.40.395.10,1.0,1.0,1.0,2.0
3.40.420.10,1.0,1.0,1.0,1.0
3.40.430.10,1.0,1.0,1.0,3.0
3.40.449.10,1.0,1.0,1.0,1.0
3.40.462.10,1.0,1.0,1.0,2.0
3.40.462.20,0.6666666666666666,1.0,0.8,2.0
3.40.47.10,1.0,1.0,1.0,13.0
3.40.470.10,0.75,1.0,0.8571428571428571,3.0
3.40.5.10,1.0,1.0,1.0,1.0
3.40.5.50,1.0,0.0,0.0,1.0
3.40.5.90,1.0,1.0,1.0,1.0
3.40.50.1000,0.9583333333333334,1.0,0.9787234042553191,23.0
3.40.50.10090,1.0,1.0,1.0,4.0
3.40.50.1010,1.0,1.0,1.0,12.0
3.40.50.10130,1.0,1.0,1.0,2.0
3.40.50.10140,1.0,1.0,1.0,3.0
3.40.50.10150,1.0,0.5,0.6666666666666666,2.0
3.40.50.10190,1.0,0.95,0.9743589743589743,20.0
3.40.50.10210,1.0,1.0,1.0,1.0
3.40.50.10240,0.5,1.0,0.6666666666666666,1.0
3.40.50.10260,1.0,1.0,1.0,1.0
3.40.50.10300,1.0,1.0,1.0,1.0
3.40.50.10320,1.0,1.0,1.0,2.0
3.40.50.10330,1.0,1.0,1.0,2.0
3.40.50.10380,1.0,0.0,0.0,1.0
3.40.50.10420,1.0,1.0,1.0,2.0
3.40.50.10440,1.0,0.0,0.0,1.0
3.40.50.10480,1.0,1.0,1.0,1.0
3.40.50.10490,0.9285714285714286,1.0,0.9629629629629629,13.0
3.40.50.10580,1.0,1.0,1.0,2.0
3.40.50.10590,1.0,0.0,0.0,1.0
3.40.50.10610,1.0,1.0,1.0,3.0
3.40.50.10660,1.0,1.0,1.0,1.0
3.40.50.10680,1.0,1.0,1.0,1.0
3.40.50.10710,1.0,0.0,0.0,1.0
3.40.50.10740,1.0,1.0,1.0,1.0
3.40.50.10770,1.0,1.0,1.0,1.0
3.40.50.10800,1.0,1.0,1.0,1.0
3.40.50.10810,1.0,1.0,1.0,1.0
3.40.50.10860,1.0,1.0,1.0,4.0
3.40.50.10890,1.0,1.0,1.0,1.0
3.40.50.10900,1.0,1.0,1.0,2.0
3.40.50.1100,1.0,1.0,1.0,10.0
3.40.50.1110,1.0,1.0,1.0,11.0
3.40.50.11230,1.0,0.0,0.0,1.0
3.40.50.11340,1.0,1.0,1.0,2.0
3.40.50.11350,1.0,1.0,1.0,1.0
3.40.50.11380,1.0,1.0,1.0,1.0
3.40.50.11460,1.0,0.0,0.0,1.0
3.40.50.11550,1.0,1.0,1.0,1.0
3.40.50.11980,1.0,1.0,1.0,1.0
3.40.50.12090,1.0,0.0,0.0,1.0
3.40.50.1220,1.0,1.0,1.0,6.0
3.40.50.12370,1.0,1.0,1.0,2.0
3.40.50.1240,0.7272727272727273,1.0,0.8421052631578947,8.0
3.40.50.12500,1.0,1.0,1.0,1.0
3.40.50.1260,1.0,1.0,1.0,1.0
3.40.50.12610,1.0,1.0,1.0,1.0
3.40.50.12650,1.0,1.0,1.0,1.0
3.40.50.12780,0.4,1.0,0.5714285714285714,2.0
3.40.50.1360,0.6666666666666666,1.0,0.8,2.0
3.40.50.1370,1.0,1.0,1.0,2.0
3.40.50.1380,1.0,1.0,1.0,2.0
3.40.50.1390,1.0,1.0,1.0,2.0
3.40.50.140,1.0,1.0,1.0,1.0
3.40.50.1400,0.8333333333333334,1.0,0.9090909090909091,5.0
3.40.50.1440,1.0,1.0,1.0,3.0
3.40.50.1450,1.0,1.0,1.0,2.0
3.40.50.1460,1.0,1.0,1.0,4.0
3.40.50.150,1.0,1.0,1.0,73.0
3.40.50.1580,1.0,1.0,1.0,4.0
3.40.50.170,1.0,1.0,1.0,1.0
3.40.50.1700,1.0,1.0,1.0,2.0
3.40.50.1820,1.0,1.0,1.0,53.0
3.40.50.1860,1.0,1.0,1.0,4.0
3.40.50.1910,1.0,1.0,1.0,1.0
3.40.50.1950,1.0,1.0,1.0,2.0
3.40.50.1970,1.0,1.0,1.0,4.0
3.40.50.1980,0.9615384615384616,0.9615384615384616,0.9615384615384616,26.0
3.40.50.20,1.0,1.0,1.0,12.0
3.40.50.200,1.0,1.0,1.0,3.0
3.40.50.2000,1.0,0.96,0.9795918367346939,25.0
3.40.50.2020,1.0,1.0,1.0,6.0
3.40.50.2030,1.0,0.6666666666666666,0.8,3.0
3.40.50.2060,1.0,1.0,1.0,1.0
3.40.50.2300,0.9512195121951219,0.9873417721518988,0.968944099378882,79.0
3.40.50.261,0.8,1.0,0.8888888888888888,4.0
3.40.50.280,1.0,1.0,1.0,3.0
3.40.50.300,0.96,0.9917355371900827,0.975609756097561,121.0
3.40.50.360,1.0,1.0,1.0,9.0
3.40.50.40,1.0,1.0,1.0,1.0
3.40.50.410,1.0,1.0,1.0,9.0
3.40.50.450,0.7777777777777778,1.0,0.875,7.0
3.40.50.460,1.0,1.0,1.0,1.0
3.40.50.510,1.0,1.0,1.0,2.0
3.40.50.620,0.96875,0.96875,0.96875,32.0
3.40.50.670,1.0,0.0,0.0,1.0
3.40.50.700,1.0,1.0,1.0,1.0
3.40.50.720,0.883495145631068,0.978494623655914,0.9285714285714286,93.0
3.40.50.740,1.0,1.0,1.0,2.0
3.40.50.790,1.0,1.0,1.0,1.0
3.40.50.80,1.0,1.0,1.0,5.0
3.40.50.800,1.0,1.0,1.0,5.0
3.40.50.850,1.0,1.0,1.0,3.0
3.40.50.880,0.9444444444444444,1.0,0.9714285714285714,17.0
3.40.50.920,1.0,1.0,1.0,4.0
3.40.50.960,1.0,1.0,1.0,1.0
3.40.50.970,1.0,1.0,1.0,11.0
3.40.50.980,1.0,0.5,0.6666666666666666,4.0
3.40.525.10,1.0,1.0,1.0,3.0
3.40.570.10,1.0,1.0,1.0,2.0
3.40.580.10,1.0,0.0,0.0,1.0
3.40.600.10,0.5,0.5,0.5,2.0
3.40.605.10,1.0,1.0,1.0,2.0
3.40.630.10,1.0,1.0,1.0,15.0
3.40.630.30,0.9666666666666667,1.0,0.9830508474576272,58.0
3.40.630.40,1.0,1.0,1.0,3.0
3.40.640.10,0.95,1.0,0.9743589743589743,19.0
3.40.710.10,1.0,1.0,1.0,9.0
3.40.718.10,1.0,1.0,1.0,3.0
3.40.720.10,1.0,1.0,1.0,5.0
3.40.80.10,1.0,1.0,1.0,3.0
3.40.800.10,1.0,1.0,1.0,1.0
3.40.830.10,1.0,1.0,1.0,3.0
3.40.850.10,1.0,1.0,1.0,1.0
3.40.91.10,1.0,0.0,0.0,2.0
3.40.91.20,1.0,1.0,1.0,1.0
3.40.91.30,1.0,0.0,0.0,1.0
3.40.91.80,0.3333333333333333,1.0,0.5,1.0
3.40.920.10,1.0,1.0,1.0,1.0
3.40.930.10,1.0,1.0,1.0,2.0
3.40.960.10,1.0,1.0,1.0,1.0
3.40.970.40,1.0,0.0,0.0,1.0
3.40.980.10,1.0,1.0,1.0,2.0
3.50.20.10,0.0,0.0,0.0,1.0
3.50.30.10,1.0,1.0,1.0,2.0
3.50.30.30,1.0,1.0,1.0,4.0
3.50.30.40,1.0,1.0,1.0,1.0
3.50.30.50,1.0,1.0,1.0,1.0
3.50.30.60,1.0,1.0,1.0,1.0
3.50.4.10,1.0,0.75,0.8571428571428571,4.0
3.50.40.10,1.0,1.0,1.0,1.0
3.50.50.100,1.0,1.0,1.0,1.0
3.50.50.60,0.9230769230769231,1.0,0.96,36.0
3.50.7.10,1.0,1.0,1.0,2.0
3.50.70.10,1.0,1.0,1.0,1.0
3.50.80.10,1.0,1.0,1.0,1.0
3.50.80.20,1.0,0.0,0.0,1.0
3.55.10.10,1.0,1.0,1.0,1.0
3.55.40.10,1.0,1.0,1.0,1.0
3.55.50.10,1.0,1.0,1.0,2.0
3.55.50.30,1.0,1.0,1.0,4.0
3.60.10.10,1.0,1.0,1.0,6.0
3.60.110.10,1.0,1.0,1.0,2.0
3.60.120.10,1.0,1.0,1.0,2.0
3.60.130.10,1.0,1.0,1.0,2.0
3.60.15.10,1.0,1.0,1.0,8.0
3.60.20.10,0.8888888888888888,1.0,0.9411764705882353,8.0
3.60.21.10,1.0,1.0,1.0,10.0
3.60.40.10,1.0,1.0,1.0,4.0
3.60.60.10,1.0,1.0,1.0,2.0
3.60.70.12,1.0,1.0,1.0,2.0
3.60.90.10,1.0,1.0,1.0,1.0
3.65.10.10,1.0,1.0,1.0,3.0
3.65.10.20,1.0,1.0,1.0,1.0
3.70.10.10,0.8333333333333334,1.0,0.9090909090909091,5.0
3.75.10.10,1.0,1.0,1.0,3.0
3.80.10.10,1.0,1.0,1.0,17.0
3.80.20.20,1.0,1.0,1.0,1.0
3.90.10.10,0.5,1.0,0.6666666666666666,2.0
3.90.1010.10,1.0,1.0,1.0,2.0
3.90.105.10,1.0,1.0,1.0,2.0
3.90.105.20,1.0,1.0,1.0,1.0
3.90.1070.10,0.5,1.0,0.6666666666666666,2.0
3.90.1070.20,1.0,1.0,1.0,1.0
3.90.110.10,1.0,1.0,1.0,2.0
3.90.1110.10,1.0,1.0,1.0,1.0
3.90.1140.10,1.0,1.0,1.0,3.0
3.90.1150.10,0.8780487804878049,1.0,0.935064935064935,36.0
3.90.1150.30,1.0,1.0,1.0,1.0
3.90.1150.50,1.0,1.0,1.0,1.0
3.90.1170.10,1.0,1.0,1.0,2.0
3.90.1170.20,0.5,1.0,0.6666666666666666,1.0
3.90.1170.30,1.0,1.0,1.0,1.0
3.90.120.10,1.0,1.0,1.0,4.0
3.90.1200.10,1.0,1.0,1.0,7.0
3.90.1210.10,1.0,1.0,1.0,2.0
3.90.1230.10,1.0,0.0,0.0,1.0
3.90.1240.10,1.0,1.0,1.0,1.0
3.90.1280.20,1.0,0.0,0.0,2.0
3.90.1300.10,1.0,1.0,1.0,1.0
3.90.1310.10,1.0,1.0,1.0,3.0
3.90.1340.10,1.0,1.0,1.0,1.0
3.90.1380.10,1.0,1.0,1.0,1.0
3.90.1420.10,0.5,1.0,0.6666666666666666,1.0
3.90.1480.20,1.0,1.0,1.0,1.0
3.90.15.10,1.0,0.0,0.0,2.0
3.90.150.10,1.0,1.0,1.0,1.0
3.90.1520.10,1.0,1.0,1.0,1.0
3.90.1530.10,1.0,1.0,1.0,2.0
3.90.1560.10,1.0,1.0,1.0,1.0
3.90.1570.10,1.0,1.0,1.0,1.0
3.90.1570.30,1.0,1.0,1.0,1.0
3.90.1580.10,1.0,1.0,1.0,1.0
3.90.1600.10,1.0,1.0,1.0,2.0
3.90.1640.10,1.0,1.0,1.0,1.0
3.90.1720.10,0.7142857142857143,1.0,0.8333333333333334,5.0
3.90.175.10,1.0,0.0,0.0,1.0
3.90.176.10,1.0,1.0,1.0,4.0
3.90.1780.10,1.0,1.0,1.0,1.0
3.90.180.10,0.875,1.0,0.9333333333333333,7.0
3.90.1800.10,1.0,1.0,1.0,1.0
3.90.190.10,0.9,1.0,0.9473684210526315,9.0
3.90.190.20,1.0,1.0,1.0,4.0
3.90.20.10,1.0,0.0,0.0,1.0
3.90.20.20,1.0,1.0,1.0,1.0
3.90.210.10,1.0,1.0,1.0,2.0
3.90.220.20,0.2857142857142857,1.0,0.4444444444444444,2.0
3.90.226.10,0.9090909090909091,1.0,0.9523809523809523,10.0
3.90.226.30,1.0,1.0,1.0,1.0
3.90.228.10,0.5,1.0,0.6666666666666666,1.0
3.90.228.20,1.0,0.0,0.0,1.0
3.90.230.10,1.0,1.0,1.0,3.0
3.90.245.10,1.0,1.0,1.0,2.0
3.90.25.10,0.75,0.9,0.8181818181818182,10.0
3.90.260.10,1.0,1.0,1.0,1.0
3.90.280.10,1.0,1.0,1.0,2.0
3.90.290.10,1.0,1.0,1.0,1.0
3.90.320.10,1.0,1.0,1.0,4.0
3.90.380.10,1.0,1.0,1.0,2.0
3.90.400.10,1.0,0.3333333333333333,0.5,3.0
3.90.470.10,1.0,1.0,1.0,2.0
3.90.470.20,1.0,1.0,1.0,2.0
3.90.480.10,1.0,1.0,1.0,1.0
3.90.550.10,1.0,1.0,1.0,19.0
3.90.640.10,0.42857142857142855,0.75,0.5454545454545454,4.0
3.90.640.20,1.0,1.0,1.0,2.0
3.90.650.10,1.0,1.0,1.0,4.0
3.90.660.10,1.0,0.8,0.8888888888888888,5.0
3.90.660.50,0.3333333333333333,1.0,0.5,1.0
3.90.70.10,0.8,1.0,0.8888888888888888,8.0
3.90.70.50,1.0,0.0,0.0,1.0
3.90.70.80,1.0,1.0,1.0,2.0
3.90.700.10,0.6666666666666666,1.0,0.8,2.0
3.90.730.10,1.0,1.0,1.0,1.0
3.90.740.10,1.0,1.0,1.0,2.0
3.90.76.10,1.0,1.0,1.0,2.0
3.90.770.10,1.0,0.0,0.0,1.0
3.90.78.10,1.0,1.0,1.0,1.0
3.90.780.10,1.0,1.0,1.0,2.0
3.90.79.10,1.0,1.0,1.0,16.0
3.90.800.10,1.0,1.0,1.0,1.0
3.90.810.10,1.0,1.0,1.0,2.0
3.90.820.10,1.0,1.0,1.0,1.0
3.90.830.10,1.0,1.0,1.0,1.0
3.90.850.10,1.0,1.0,1.0,2.0
3.90.870.10,1.0,1.0,1.0,2.0
3.90.920.10,1.0,0.5,0.6666666666666666,2.0
3.90.930.1,1.0,1.0,1.0,1.0
3.90.930.12,1.0,1.0,1.0,2.0
3.90.940.10,1.0,1.0,1.0,2.0
3.90.950.10,1.0,1.0,1.0,2.0
3.90.960.10,1.0,1.0,1.0,2.0
4.10.1060.10,0.3333333333333333,1.0,0.5,1.0
4.10.1090.10,1.0,1.0,1.0,1.0
4.10.110.10,1.0,1.0,1.0,1.0
4.10.1110.10,1.0,1.0,1.0,1.0
4.10.1240.10,0.75,1.0,0.8571428571428571,3.0
4.10.1250.10,1.0,1.0,1.0,1.0
4.10.1290.10,1.0,0.0,0.0,1.0
4.10.170.10,1.0,0.0,0.0,3.0
4.10.180.10,1.0,0.0,0.0,1.0
4.10.220.20,1.0,0.0,0.0,1.0
4.10.240.10,1.0,1.0,1.0,2.0
4.10.260.10,1.0,0.0,0.0,1.0
4.10.280.10,1.0,1.0,1.0,7.0
4.10.320.10,1.0,1.0,1.0,2.0
4.10.40.20,1.0,0.5,0.6666666666666666,2.0
4.10.410.10,1.0,1.0,1.0,4.0
4.10.410.20,1.0,1.0,1.0,1.0
4.10.430.10,1.0,1.0,1.0,1.0
4.10.450.10,1.0,1.0,1.0,1.0
4.10.470.10,1.0,0.0,0.0,4.0
4.10.520.10,1.0,1.0,1.0,1.0
4.10.60.10,1.0,1.0,1.0,2.0
4.10.70.10,1.0,1.0,1.0,2.0
4.10.740.10,1.0,0.0,0.0,1.0
4.10.75.10,1.0,1.0,1.0,1.0
4.10.80.30,0.0,0.0,0.0,2.0
4.10.80.40,1.0,0.0,0.0,2.0
4.10.810.10,1.0,1.0,1.0,1.0
4.10.830.10,1.0,0.0,0.0,1.0
4.10.860.10,1.0,0.5,0.6666666666666666,2.0
4.10.860.20,1.0,0.0,0.0,1.0
4.10.900.10,1.0,1.0,1.0,1.0
4.10.910.10,1.0,1.0,1.0,1.0
4.10.950.10,1.0,1.0,1.0,1.0
accuracy,0.9000898741761534,0.9000898741761534,0.9000898741761534,0.9000898741761534
macro avg,0.9318837578634406,0.7883468780627099,0.7649578543542721,6676.0
weighted avg,0.9273274339276067,0.9000898741761534,0.8801908433479184,6676.0
